Trans No.,Customer Code,Location Code,Grade Level Code,Transaction Date,Delivery Type,Quantity,Paper type Code
261177,875975,L000000,G4000001,11/08/2015,Returned,-1,BW000000
263273,188965,L000000,G4000001,17/08/2015,Returned,-1,BW000000
266515,747117,L000000,G4000001,18/08/2015,Returned,-1,BW000000
279567,757155,L000000,G4000001,26/08/2015,Returned,-1,BW000000
281315,472788,L000000,G4000001,24/08/2015,Returned,-1,BW000000
243272,50795,L000000,G4000001,04/08/2015,Consignment,2,BW000000
262799,364579,L000000,G4000001,15/08/2015,Consignment,2,BW000000
271032,891888,L000000,G4000001,24/08/2015,Consignment,2,BW000000
241488,5899,L000000,G4000001,04/08/2015,Returned,-10,BW000000
242559,871451,L000000,G4000001,05/08/2015,Returned,-14,BW000000
253365,799133,L000000,G4000001,11/08/2015,Returned,-7,BW000000
253437,418235,L000000,G4000001,10/08/2015,Returned,-17,BW000000
254309,431581,L000000,G4000001,10/08/2015,Returned,-6,BW000000
256156,818161,L000000,G4000001,11/08/2015,Returned,-6,BW000000
257913,504391,L000000,G4000001,10/08/2015,Returned,-19,BW000000
264613,539738,L000000,G4000001,18/08/2015,Returned,-10,BW000000
265881,419499,L000000,G4000001,17/08/2015,Returned,-6,BW000000
266421,802422,L000000,G4000001,17/08/2015,Returned,-3,BW000000
266791,53928,L000000,G4000001,19/08/2015,Returned,-5,BW000000
267317,792886,L000000,G4000001,17/08/2015,Returned,-4,BW000000
267477,259298,L000000,G4000001,19/08/2015,Returned,-8,BW000000
268278,306817,L000000,G4000001,18/08/2015,Returned,-12,BW000000
270508,540977,L000000,G4000001,22/08/2015,Returned,-10,BW000000
276032,47158,I000000,G4000001,23/08/2015,Returned,-7,BW000000
276262,80780,L000000,G4000001,24/08/2015,Returned,-16,BW000000
277188,781668,L000000,G4000001,25/08/2015,Returned,-41,BW000000
277188,781668,L000000,G4000001,26/08/2015,Returned,-41,BW000000
278050,6238,L000000,G4000001,25/08/2015,Returned,-7,BW000000
278835,98970,L000000,G4000001,26/08/2015,Returned,-3,BW000000
279279,830982,L000000,G4000001,26/08/2015,Returned,-3,BW000000
282119,498514,L000000,G4000001,25/08/2015,Returned,-30,BW000000
283073,496156,L000000,G4000001,26/08/2015,Returned,-18,BW000000
283073,496156,L000000,G4000001,26/08/2015,Returned,-18,BW000000
283945,840960,L000000,G4000001,25/08/2015,Returned,-11,BW000000
286965,356849,L000000,G4000001,27/08/2015,Returned,-3,BW000000
287493,594499,L000000,G4000001,28/08/2015,Returned,-16,BW000000
287679,413606,L000000,G4000001,27/08/2015,Returned,-12,BW000000
290099,609574,L000000,G4000001,30/08/2015,Returned,-9,BW000000
291589,248968,L000000,G4000001,31/08/2015,Returned,-28,BW000000
257557,847341,L000000,G5000001,10/08/2015,Returned,-1,BW000000
269538,830982,L000000,G5000001,22/08/2015,Returned,-1,BW000000
283566,934860,L000000,G5000001,27/08/2015,Returned,-1,BW000000
254725,873391,L000000,G5000001,10/08/2015,Returned,-17,BW000000
262099,129416,L000000,G5000001,13/08/2015,Returned,-2,BW000000
263681,149940,L000000,G5000001,16/08/2015,Returned,-9,BW000000
265120,592325,L000000,G5000001,16/08/2015,Returned,-31,BW000000
265229,701065,L000000,G5000001,18/08/2015,Returned,-29,BW000000
266433,802422,L000000,G5000001,18/08/2015,Returned,-3,BW000000
266597,288343,L000000,G5000001,17/08/2015,Returned,-15,BW000000
267189,617721,L000000,G5000001,18/08/2015,Returned,-7,BW000000
267521,398928,L000000,G5000001,17/08/2015,Returned,-3,BW000000
273427,890040,L000000,G5000001,24/08/2015,Returned,-2,BW000000
273993,539908,L000000,G5000001,24/08/2015,Returned,-14,BW000000
277360,169226,L000000,G5000001,25/08/2015,Returned,-19,BW000000
278058,6238,L000000,G5000001,26/08/2015,Returned,-7,BW000000
278288,275224,L000000,G5000001,25/08/2015,Returned,-11,BW000000
281329,472788,L000000,G5000001,26/08/2015,Returned,-12,BW000000
281425,204815,L000000,G5000001,24/08/2015,Returned,-4,BW000000
282293,251596,L000000,G5000001,26/08/2015,Returned,-14,BW000000
283395,69835,L000000,G5000001,27/08/2015,Returned,-7,BW000000
287429,186912,L000000,G5000001,27/08/2015,Returned,-28,BW000000
287575,928640,L000000,G5000001,29/08/2015,Returned,-3,BW000000
287575,928640,L000000,G5000001,29/08/2015,Returned,-3,BW000000
288155,392694,L000000,G5000001,27/08/2015,Returned,-16,BW000000
289300,806831,L000000,G5000001,30/08/2015,Returned,-18,BW000000
291165,452060,L000000,G5000001,31/08/2015,Returned,-6,BW000000
291931,512851,L000000,G5000001,31/08/2015,Returned,-14,BW000000
292227,531044,L000000,G5000001,31/08/2015,Returned,-7,BW000000
292863,74041,L000000,G5000001,31/08/2015,Returned,-6,BW000000
254372,996147,L000000,G5000001,09/08/2015,Consignment,12,BW000000
259409,592325,L000000,G5000001,12/08/2015,Consignment,38,BW000000
276607,964276,L000000,G5000001,24/08/2015,Consignment,6,BW000000
283690,239298,L000000,G5000001,25/08/2015,Consignment,179,BW000000
254923,168655,L000000,G6000001,11/08/2015,Returned,-1,BW000000
268686,151976,L000000,G6000001,18/08/2015,Returned,-1,BW000000
269598,830982,L000000,G6000001,21/08/2015,Returned,-1,BW000000
271145,108747,L000000,G6000001,24/08/2015,Returned,-1,BW000000
280183,899792,L000000,G6000001,24/08/2015,Returned,-1,BW000000
283883,642859,I000000,G6000001,25/08/2015,Returned,-1,BW000000
286429,409504,L000000,G6000001,27/08/2015,Returned,-1,BW000000
286431,409504,L000000,G6000001,28/08/2015,Returned,-1,BW000000
288537,379058,L000000,G6000001,27/08/2015,Returned,-1,BW000000
267708,182399,L000000,G6000001,19/08/2015,Consignment,2,BW000000
268181,79472,L000000,G6000001,18/08/2015,Consignment,23,BW000000
235343,521047,L000000,G6000001,02/08/2015,Returned,-7,BW000000
240112,365590,L000000,G6000001,04/08/2015,Returned,-15,BW000000
241222,142873,L000000,G6000001,04/08/2015,Returned,-7,BW000000
252895,100790,L000000,G6000001,10/08/2015,Returned,-5,BW000000
253923,806318,L000000,G6000001,09/08/2015,Returned,-14,BW000000
254297,431581,L000000,G6000001,11/08/2015,Returned,-6,BW000000
255854,430486,L000000,G6000001,12/08/2015,Returned,-2,BW000000
257991,109253,L000000,G6000001,10/08/2015,Returned,-8,BW000000
263855,272682,L000000,G6000001,16/08/2015,Returned,-26,BW000000
264195,30498,L000000,G6000001,18/08/2015,Returned,-50,BW000000
267089,418996,L000000,G6000001,19/08/2015,Returned,-3,BW000000
272623,934860,L000000,G6000001,22/08/2015,Returned,-4,BW000000
277228,781668,L000000,G6000001,26/08/2015,Returned,-36,BW000000
277354,169226,L000000,G6000001,24/08/2015,Returned,-20,BW000000
277478,309190,L000000,G6000001,24/08/2015,Returned,-27,BW000000
278262,275224,L000000,G6000001,25/08/2015,Returned,-7,BW000000
278823,98970,L000000,G6000001,24/08/2015,Returned,-7,BW000000
278839,98970,L000000,G6000001,25/08/2015,Returned,-7,BW000000
280617,922881,L000000,G6000001,25/08/2015,Returned,-33,BW000000
281241,122329,L000000,G6000001,24/08/2015,Returned,-5,BW000000
281657,627950,L000000,G6000001,25/08/2015,Returned,-7,BW000000
281895,320107,L000000,G6000001,24/08/2015,Returned,-2,BW000000
281895,320107,L000000,G6000001,26/08/2015,Returned,-2,BW000000
282051,526291,L000000,G6000001,25/08/2015,Returned,-5,BW000000
282431,844178,L000000,G6000001,27/08/2015,Returned,-30,BW000000
282583,351880,L000000,G6000001,26/08/2015,Returned,-3,BW000000
282953,173863,L000000,G6000001,25/08/2015,Returned,-16,BW000000
283161,431324,L000000,G6000001,27/08/2015,Returned,-15,BW000000
284708,868438,L000000,G6000001,25/08/2015,Returned,-5,BW000000
281069,28267,L000000,G2000001,25/08/2015,Returned,-1,BW000000
232210,865430,L000000,G2000001,01/08/2015,Returned,-4,BW000000
241484,5899,L000000,G2000001,05/08/2015,Returned,-11,BW000000
248087,121264,L000000,G2000001,06/08/2015,Returned,-8,BW000000
253023,621454,L000000,G2000001,11/08/2015,Returned,-6,BW000000
255786,76740,L000000,G2000001,10/08/2015,Returned,-3,BW000000
258261,910721,L000000,G2000001,10/08/2015,Returned,-21,BW000000
260276,939263,L000000,G2000001,13/08/2015,Returned,-5,BW000000
265253,701065,L000000,G2000001,17/08/2015,Returned,-26,BW000000
267647,524939,L000000,G2000001,18/08/2015,Returned,-4,BW000000
268546,543567,L000000,G2000001,19/08/2015,Returned,-9,BW000000
268622,2111,L000000,G2000001,18/08/2015,Returned,-6,BW000000
269378,330539,L000000,G2000001,20/08/2015,Returned,-4,BW000000
270869,418574,L000000,G2000001,23/08/2015,Returned,-10,BW000000
271805,260054,L000000,G2000001,23/08/2015,Returned,-12,BW000000
273579,874172,L000000,G2000001,24/08/2015,Returned,-2,BW000000
275303,253004,L000000,G2000001,25/08/2015,Returned,-5,BW000000
279109,16635,L000000,G2000001,24/08/2015,Returned,-7,BW000000
281143,361378,I000000,G2000001,26/08/2015,Returned,-14,BW000000
283194,810381,L000000,G2000001,26/08/2015,Returned,-7,BW000000
284896,150095,L000000,G2000001,27/08/2015,Returned,-7,BW000000
286639,573680,L000000,G2000001,28/08/2015,Returned,-10,BW000000
287085,429759,L000000,G2000001,27/08/2015,Returned,-12,BW000000
287131,429759,L000000,G2000001,28/08/2015,Returned,-5,BW000000
288137,392694,L000000,G2000001,27/08/2015,Returned,-5,BW000000
288775,310558,L000000,G2000001,27/08/2015,Returned,-7,BW000000
288843,748005,L000000,G2000001,27/08/2015,Returned,-19,BW000000
269311,571376,L000000,OTH,22/08/2015,Consignment,3,BW000000
253531,392485,L000000,OTH,10/08/2015,Returned,-9,BW000000
255480,848665,L000000,OTH,12/08/2015,Returned,-10,BW000000
257517,953516,L000000,OTH,11/08/2015,Returned,-14,BW000000
258271,910721,L000000,OTH,11/08/2015,Returned,-9,BW000000
275796,946783,L000000,OTH,24/08/2015,Returned,-83,BW000000
278012,6238,L000000,OTH,25/08/2015,Returned,-2,BW000000
278012,6238,L000000,OTH,24/08/2015,Returned,-2,BW000000
283325,875289,L000000,OTH,25/08/2015,Returned,-10,BW000000
273049,953516,L000000,G3000001,22/08/2015,Returned,-1,BW000000
280845,996147,L000000,G3000001,25/08/2015,Returned,-1,BW000000
239300,365590,L000000,G3000001,04/08/2015,Returned,-12,BW000000
241156,142873,L000000,G3000001,05/08/2015,Returned,-7,BW000000
241216,142873,L000000,G3000001,05/08/2015,Returned,-7,BW000000
245705,926850,L000000,G3000001,07/08/2015,Returned,-4,BW000000
251208,434705,L000000,G3000001,11/08/2015,Returned,-7,BW000000
279032,554727,L000000,G1100001,27/10/2015,Consignment,53,BW000000
254291,431581,L000000,G3000001,11/08/2015,Returned,-4,BW000000
260248,939263,L000000,G3000001,13/08/2015,Returned,-4,BW000000
260959,17072,L000000,G3000001,11/08/2015,Returned,-5,BW000000
264189,30498,L000000,G3000001,17/08/2015,Returned,-40,BW000000
264821,387021,L000000,G3000001,17/08/2015,Returned,-4,BW000000
266613,288343,L000000,G3000001,18/08/2015,Returned,-23,BW000000
266885,116794,L000000,G3000001,17/08/2015,Returned,-9,BW000000
267781,610806,L000000,G3000001,17/08/2015,Returned,-17,BW000000
268948,80752,L000000,G3000001,19/08/2015,Returned,-7,BW000000
269012,780433,L000000,G3000001,20/08/2015,Returned,-5,BW000000
269396,330539,L000000,G3000001,21/08/2015,Returned,-4,BW000000
272081,446232,L000000,G3000001,23/08/2015,Returned,-3,BW000000
272677,100490,L000000,G3000001,24/08/2015,Returned,-2,BW000000
281711,950170,L000000,G3000001,25/08/2015,Returned,-2,BW000000
282021,526291,L000000,G3000001,24/08/2015,Returned,-10,BW000000
282759,27550,L000000,G3000001,26/08/2015,Returned,-16,BW000000
285964,561558,L000000,G3000001,26/08/2015,Returned,-5,BW000000
286134,722067,L000000,G3000001,28/08/2015,Returned,-23,BW000000
288251,890557,L000000,G3000001,28/08/2015,Returned,-2,BW000000
288259,890557,L000000,G3000001,28/08/2015,Returned,-3,BW000000
288479,379058,L000000,G3000001,28/08/2015,Returned,-19,BW000000
288913,760154,L000000,G3000001,29/08/2015,Returned,-27,BW000000
289806,377670,L000000,G3000001,30/08/2015,Returned,-3,BW000000
262974,399833,L000000,G3000001,15/08/2015,Consignment,4,BW000000
262986,592325,L000000,G3000001,15/08/2015,Consignment,38,BW000000
268153,79472,L000000,G3000001,18/08/2015,Consignment,116,BW000000
283680,239298,L000000,G3000001,27/08/2015,Consignment,168,BW000000
254446,571376,L000000,G1000001,12/08/2015,Consignment,4,BW000000
265994,972694,L000000,G1000001,19/08/2015,Consignment,4,BW000000
271044,619563,L000000,G1000001,23/08/2015,Consignment,2,BW000000
282556,399833,L000000,G1000001,25/08/2015,Consignment,5,BW000000
261931,795176,L000000,G1000001,12/08/2015,Returned,-1,BW000000
248085,121264,L000000,G1000001,07/08/2015,Returned,-14,BW000000
254481,826024,L000000,G1000001,11/08/2015,Returned,-25,BW000000
260967,17072,L000000,G1000001,13/08/2015,Returned,-2,BW000000
261067,530549,L000000,G1000001,12/08/2015,Returned,-8,BW000000
263643,149940,L000000,G1000001,17/08/2015,Returned,-4,BW000000
264363,952975,L000000,G1000001,18/08/2015,Returned,-12,BW000000
268260,306817,L000000,G1000001,19/08/2015,Returned,-40,BW000000
268558,543567,L000000,G1000001,19/08/2015,Returned,-24,BW000000
271833,260054,L000000,G1000001,23/08/2015,Returned,-16,BW000000
275854,996147,L000000,G1000001,25/08/2015,Returned,-4,BW000000
278941,98970,L000000,G1000001,25/08/2015,Returned,-10,BW000000
280971,479365,L000000,G1000001,24/08/2015,Returned,-10,BW000000
281309,472788,L000000,G1000001,25/08/2015,Returned,-6,BW000000
286619,573680,L000000,G1000001,29/08/2015,Returned,-15,BW000000
286961,356849,L000000,G1000001,28/08/2015,Returned,-4,BW000000
287225,191709,L000000,G1000001,28/08/2015,Returned,-8,BW000000
288439,379058,L000000,G1000001,28/08/2015,Returned,-8,BW000000
288779,310558,L000000,G1000001,28/08/2015,Returned,-2,BW000000
269532,830982,L000000,SY0000001,20/08/2015,Returned,-1,BW000000
285912,74486,L000000,SY0000001,28/08/2015,Returned,-1,BW000000
252147,520095,L000000,SY0000001,10/08/2015,Returned,-2,BW000000
253139,803568,L000000,SY0000001,10/08/2015,Returned,-30,BW000000
253425,418235,L000000,SY0000001,11/08/2015,Returned,-38,BW000000
263195,596674,L000000,SY0000001,17/08/2015,Returned,-35,BW000000
265289,701065,L000000,SY0000001,18/08/2015,Returned,-35,BW000000
266057,635395,L000000,SY0000001,18/08/2015,Returned,-9,BW000000
266057,635395,L000000,SY0000001,18/08/2015,Returned,-9,BW000000
266877,116794,L000000,SY0000001,17/08/2015,Returned,-14,BW000000
269406,330539,L000000,SY0000001,21/08/2015,Returned,-7,BW000000
274473,283151,L000000,SY0000001,24/08/2015,Returned,-26,BW000000
274523,283151,L000000,SY0000001,23/08/2015,Returned,-21,BW000000
275982,40058,L000000,SY0000001,24/08/2015,Returned,-30,BW000000
278256,275224,L000000,SY0000001,26/08/2015,Returned,-18,BW000000
283173,846246,L000000,SY0000001,25/08/2015,Returned,-107,BW000000
287841,167814,L000000,SY0000001,28/08/2015,Returned,-10,BW000000
288949,570576,L000000,SY0000001,28/08/2015,Returned,-19,BW000000
291097,523776,L000000,SY0000001,31/08/2015,Returned,-119,BW000000
292435,746934,L000000,SY0000001,31/08/2015,Returned,-13,BW000000
271352,217381,L000000,SY0000001,23/08/2015,Consignment,2,BW000000
288752,529371,L000000,SY0000001,28/08/2015,Consignment,20,BW000000
253869,522466,L000000,FTH000001,10/08/2015,Consignment,12,BW000000
256016,821248,L000000,FTH000001,12/08/2015,Returned,-1,BW000000
276720,537702,L000000,FTH000001,24/08/2015,Returned,-1,BW000000
243777,181178,L000000,FTH000001,06/08/2015,Returned,-18,BW000000
252789,69381,L000000,FTH000001,09/08/2015,Returned,-4,BW000000
257389,461709,L000000,FTH000001,12/08/2015,Returned,-39,BW000000
258097,315701,L000000,FTH000001,11/08/2015,Returned,-26,BW000000
263881,272682,L000000,FTH000001,18/08/2015,Returned,-14,BW000000
268392,904646,L000000,FTH000001,20/08/2015,Returned,-64,BW000000
270074,135103,L000000,FTH000001,20/08/2015,Returned,-18,BW000000
270210,440543,L000000,FTH000001,22/08/2015,Returned,-18,BW000000
276390,751628,L000000,FTH000001,24/08/2015,Returned,-3,BW000000
279693,410547,L000000,FTH000001,25/08/2015,Returned,-64,BW000000
282833,363843,L000000,FTH000001,25/08/2015,Returned,-3,BW000000
283323,875289,L000000,FTH000001,26/08/2015,Returned,-17,BW000000
285984,561558,L000000,FTH000001,26/08/2015,Returned,-17,BW000000
287477,594499,L000000,FTH000001,28/08/2015,Returned,-26,BW000000
269546,830982,L000000,TY000001,21/08/2015,Returned,-1,BW000000
271095,168721,L000000,TY000001,23/08/2015,Returned,-1,BW000000
280165,899792,L000000,TY000001,24/08/2015,Returned,-1,BW000000
252911,75420,L000000,TY000001,10/08/2015,Returned,-20,BW000000
253519,392485,L000000,TY000001,11/08/2015,Returned,-6,BW000000
261307,504748,L000000,TY000001,13/08/2015,Returned,-19,BW000000
263903,272682,L000000,TY000001,16/08/2015,Returned,-15,BW000000
264043,615219,L000000,TY000001,16/08/2015,Returned,-27,BW000000
265671,908807,L000000,TY000001,18/08/2015,Returned,-11,BW000000
266061,635395,L000000,TY000001,18/08/2015,Returned,-5,BW000000
266777,53928,L000000,TY000001,19/08/2015,Returned,-3,BW000000
267071,418996,L000000,TY000001,19/08/2015,Returned,-2,BW000000
269248,991744,L000000,TY000001,19/08/2015,Returned,-40,BW000000
273071,946849,L000000,TY000001,24/08/2015,Returned,-3,BW000000
275219,253004,L000000,TY000001,25/08/2015,Returned,-22,BW000000
278270,275224,L000000,TY000001,26/08/2015,Returned,-6,BW000000
282097,498514,L000000,TY000001,24/08/2015,Returned,-49,BW000000
285466,211365,L000000,TY000001,27/08/2015,Returned,-11,BW000000
287099,429759,L000000,TY000001,28/08/2015,Returned,-20,BW000000
290109,609574,L000000,TY000001,31/08/2015,Returned,-5,BW000000
239242,698560,L000000,FST000001,04/08/2015,Consignment,12,BW000000
291380,619563,L000000,FST000001,31/08/2015,Consignment,2,BW000000
251635,183951,L000000,FST000001,09/08/2015,Returned,-1,BW000000
264553,939263,L000000,FST000001,16/08/2015,Returned,-1,BW000000
234494,939964,L000000,FST000001,01/08/2015,Returned,-18,BW000000
261817,893530,L000000,FST000001,13/08/2015,Returned,-52,BW000000
264385,952975,L000000,FST000001,17/08/2015,Returned,-4,BW000000
273471,890040,L000000,FST000001,24/08/2015,Returned,-2,BW000000
279679,410547,L000000,FST000001,24/08/2015,Returned,-61,BW000000
285910,74486,L000000,FST000001,26/08/2015,Returned,-19,BW000000
288765,310558,L000000,FST000001,27/08/2015,Returned,-21,BW000000
241454,5899,L000000,K2000001,04/08/2015,Returned,-9,BW000000
250223,897442,L000000,K2000001,09/08/2015,Returned,-30,BW000000
253107,770603,L000000,K2000001,09/08/2015,Returned,-44,BW000000
261295,504748,L000000,K2000001,12/08/2015,Returned,-2,BW000000
270614,128416,L000000,K2000001,22/08/2015,Returned,-21,BW000000
278038,6238,L000000,K2000001,25/08/2015,Returned,-29,BW000000
232785,755456,L000000,K1000001,01/08/2015,Consignment,11,BW000000
263413,903306,L000000,K1000001,16/08/2015,Returned,-1,BW000000
284710,868438,L000000,K1000001,26/08/2015,Returned,-1,BW000000
286515,524212,I000000,K1000001,28/08/2015,Returned,-1,BW000000
275289,253004,L000000,K1000001,24/08/2015,Returned,-13,BW000000
288313,890557,L000000,K1000001,27/08/2015,Returned,-8,BW000000
258163,315701,L000000,G1100001,11/08/2015,Returned,-18,BW000000
265929,267747,L000000,G1100001,18/08/2015,Returned,-20,BW000000
276092,234765,L000000,G1100001,24/08/2015,Returned,-12,BW000000
276312,750312,L000000,G1100001,24/08/2015,Returned,-36,BW000000
280623,922881,L000000,G1100001,26/08/2015,Returned,-52,BW000000
289826,569576,L000000,G1100001,31/08/2015,Returned,-50,BW000000
237539,125334,L000000,SH000001,02/08/2015,Consignment,30,BW000000
242266,49568,L000000,N0000001,04/08/2015,Consignment,5,BW000000
249899,364621,L000000,SH000001,08/08/2015,Returned,-17,BW000000
254915,168655,L000000,G2000001,11/08/2015,Returned,-1,CL0000000
254135,262456,L000000,G2000001,11/08/2015,Returned,-3,CL0000000
268286,306817,L000000,G2000001,18/08/2015,Returned,-26,CL0000000
271577,575301,L000000,G2000001,24/08/2015,Returned,-6,CL0000000
279965,899792,L000000,G2000001,26/08/2015,Returned,-3,CL0000000
283941,840960,L000000,G2000001,25/08/2015,Returned,-14,CL0000000
256348,624509,L000000,G1000001,10/08/2015,Returned,-2,CL0000000
257729,96227,L000000,G1000001,10/08/2015,Returned,-15,CL0000000
261441,151310,L000000,G1000001,12/08/2015,Returned,-29,CL0000000
262513,273832,L000000,G1000001,14/08/2015,Returned,-30,CL0000000
266805,53928,L000000,G1000001,18/08/2015,Returned,-5,CL0000000
268137,79472,L000000,G1000001,17/08/2015,Consignment,189,CL0000000
280961,479365,L000000,G1000001,26/08/2015,Returned,-10,CL0000000
289512,636809,L000000,G1000001,31/08/2015,Returned,-21,CL0000000
292017,536381,L000000,G1000001,31/08/2015,Returned,-3,CL0000000
275558,490224,L000000,G3000001,24/08/2015,Returned,-1,CL0000000
286413,754556,L000000,G3000001,27/08/2015,Returned,-1,CL0000000
257463,823281,L000000,G3000001,11/08/2015,Returned,-3,CL0000000
266593,288343,L000000,G3000001,17/08/2015,Returned,-22,CL0000000
269293,399833,L000000,G3000001,20/08/2015,Consignment,3,CL0000000
274507,283151,L000000,G3000001,24/08/2015,Returned,-24,CL0000000
275626,312580,L000000,G3000001,23/08/2015,Returned,-16,CL0000000
281561,690226,L000000,G3000001,26/08/2015,Returned,-3,CL0000000
282377,94005,L000000,G3000001,25/08/2015,Returned,-14,CL0000000
283083,496156,L000000,G3000001,26/08/2015,Returned,-9,CL0000000
289608,433251,L000000,G3000001,31/08/2015,Returned,-40,CL0000000
292031,536381,L000000,G3000001,31/08/2015,Returned,-9,CL0000000
269762,279094,L000000,N0000001,22/08/2015,Returned,-1,CL0000000
234771,430164,L000000,N0000001,01/08/2015,Returned,-13,CL0000000
255638,995462,I000000,N0000001,11/08/2015,Returned,-4,CL0000000
270190,634000,L000000,N0000001,20/08/2015,Returned,-10,CL0000000
270861,418574,L000000,N0000001,22/08/2015,Returned,-5,CL0000000
272149,132658,L000000,N0000001,22/08/2015,Returned,-9,CL0000000
272783,239696,L000000,N0000001,24/08/2015,Returned,-4,CL0000000
281243,122329,L000000,N0000001,26/08/2015,Returned,-7,CL0000000
281411,419396,L000000,N0000001,26/08/2015,Returned,-6,CL0000000
285755,538229,L000000,N0000001,26/08/2015,Consignment,2,CL0000000
254847,168655,L000000,K2000001,12/08/2015,Returned,-1,CL0000000
242409,565941,L000000,K2000001,03/08/2015,Returned,-3,CL0000000
242758,698792,L000000,K2000001,04/08/2015,Returned,-24,CL0000000
243739,847718,L000000,K2000001,06/08/2015,Returned,-4,CL0000000
257271,744911,I000000,K2000001,11/08/2015,Returned,-9,CL0000000
264201,30498,L000000,K2000001,18/08/2015,Returned,-8,CL0000000
267193,617721,L000000,K2000001,18/08/2015,Returned,-18,CL0000000
273867,61549,L000000,K2000001,23/08/2015,Returned,-10,CL0000000
276874,636934,L000000,K2000001,26/08/2015,Returned,-9,CL0000000
279443,757155,L000000,K2000001,24/08/2015,Returned,-13,CL0000000
280585,313833,L000000,K2000001,26/08/2015,Returned,-9,CL0000000
284806,76246,L000000,K2000001,25/08/2015,Returned,-6,CL0000000
285376,801661,L000000,K2000001,27/08/2015,Returned,-4,CL0000000
287385,246965,L000000,K2000001,29/08/2015,Returned,-3,CL0000000
288487,379058,L000000,K2000001,29/08/2015,Returned,-8,CL0000000
289079,381736,L000000,K2000001,28/08/2015,Returned,-10,CL0000000
237543,523118,L000000,K2000001,03/08/2015,Consignment,2,CL0000000
267736,74990,L000000,K2000001,18/08/2015,Consignment,56,CL0000000
267884,751628,L000000,K2000001,17/08/2015,Consignment,2,CL0000000
267920,768230,L000000,K2000001,18/08/2015,Consignment,2,CL0000000
251518,258876,L000000,K1000001,10/08/2015,Returned,-1,CL0000000
254955,168655,L000000,K1000001,10/08/2015,Returned,-1,CL0000000
261247,504748,L000000,K1000001,13/08/2015,Returned,-1,CL0000000
276500,461709,L000000,K1000001,24/08/2015,Returned,-1,CL0000000
277774,845214,L000000,K1000001,25/08/2015,Returned,-1,CL0000000
236411,985052,L000000,K1000001,03/08/2015,Returned,-7,CL0000000
239928,929964,L000000,K1000001,03/08/2015,Returned,-26,CL0000000
240698,838996,L000000,K1000001,03/08/2015,Returned,-3,CL0000000
246053,967698,L000000,K1000001,07/08/2015,Returned,-10,CL0000000
248707,701539,L000000,K1000001,09/08/2015,Returned,-5,CL0000000
250217,897442,L000000,K1000001,09/08/2015,Returned,-8,CL0000000
251222,434705,L000000,K1000001,09/08/2015,Returned,-4,CL0000000
251222,434705,L000000,K1000001,11/08/2015,Returned,-4,CL0000000
257295,742644,L000000,K1000001,10/08/2015,Returned,-21,CL0000000
257297,742644,L000000,K1000001,12/08/2015,Returned,-21,CL0000000
268950,80752,L000000,K1000001,18/08/2015,Returned,-11,CL0000000
270474,378091,L000000,K1000001,22/08/2015,Returned,-40,CL0000000
271548,418574,L000000,K1000001,23/08/2015,Returned,-2,CL0000000
272107,175780,L000000,K1000001,24/08/2015,Returned,-20,CL0000000
276392,751628,L000000,K1000001,25/08/2015,Returned,-17,CL0000000
281659,627950,L000000,K1000001,26/08/2015,Returned,-2,CL0000000
283091,496156,L000000,K1000001,27/08/2015,Returned,-17,CL0000000
284866,76509,L000000,K1000001,25/08/2015,Returned,-10,CL0000000
284998,861514,L000000,K1000001,27/08/2015,Returned,-3,CL0000000
285660,973976,L000000,K1000001,27/08/2015,Returned,-26,CL0000000
288015,57067,L000000,K1000001,28/08/2015,Returned,-9,CL0000000
247534,74041,L000000,K1000001,08/08/2015,Consignment,23,CL0000000
248538,695799,L000000,K1000001,08/08/2015,Consignment,3,CL0000000
269135,325069,L000000,K1000001,20/08/2015,Consignment,2,CL0000000
348306,180310,I000000,G3000001,16/09/2015,Consignment,66,CL0000000
357364,583138,L000000,FTH000001,27/09/2015,Consignment,89,CL0000000
293477,697871,L000000,G4000001,01/09/2015,Returned,-1,BW000000
299176,132658,L000000,G4000001,06/09/2015,Returned,-1,BW000000
300173,605496,L000000,G4000001,06/09/2015,Returned,-1,BW000000
300199,605496,L000000,G4000001,07/09/2015,Returned,-1,BW000000
289298,806831,L000000,G4000001,01/09/2015,Returned,-65,BW000000
289580,42297,L000000,G4000001,01/09/2015,Returned,-9,BW000000
289616,7168,L000000,G4000001,01/09/2015,Returned,-8,BW000000
291613,248968,L000000,G4000001,02/09/2015,Returned,-27,BW000000
294860,592572,L000000,G4000001,04/09/2015,Returned,-3,BW000000
296597,985419,L000000,G4000001,05/09/2015,Returned,-4,BW000000
297541,913095,L000000,G4000001,05/09/2015,Returned,-70,BW000000
298150,765085,L000000,G4000001,07/09/2015,Returned,-19,BW000000
300037,674461,L000000,G4000001,06/09/2015,Returned,-7,BW000000
300063,674461,L000000,G4000001,07/09/2015,Returned,-7,BW000000
300669,564982,L000000,G4000001,06/09/2015,Returned,-36,BW000000
311207,103067,L000000,G4000001,08/09/2015,Returned,-12,BW000000
311770,971356,L000000,G4000001,09/09/2015,Returned,-5,BW000000
327638,755037,L000000,G4000001,11/09/2015,Returned,-5,BW000000
327748,151096,L000000,G4000001,09/09/2015,Returned,-7,BW000000
337238,872510,L000000,G4000001,13/09/2015,Returned,-34,BW000000
1512,899792,L000000,G4000001,28/09/2015,Returned,-2,BW000000
308075,525470,L000000,G4000001,22/09/2015,Consignment,3,BW000000
388424,481476,L000000,G4000001,21/09/2015,Returned,-16,BW000000
289860,276845,L000000,G5000001,01/09/2015,Returned,-1,BW000000
300357,674461,L000000,G5000001,06/09/2015,Returned,-1,BW000000
300735,805891,L000000,G5000001,08/09/2015,Returned,-1,BW000000
289618,7168,L000000,G5000001,01/09/2015,Returned,-22,BW000000
297235,972494,L000000,G5000001,05/09/2015,Returned,-19,BW000000
298678,376726,L000000,G5000001,08/09/2015,Returned,-6,BW000000
309090,250410,L000000,G5000001,09/09/2015,Returned,-11,BW000000
311603,903306,L000000,G5000001,10/09/2015,Returned,-4,BW000000
325517,455387,I000000,G5000001,10/09/2015,Returned,-2,BW000000
327894,53027,L000000,G5000001,09/09/2015,Returned,-10,BW000000
374984,363843,L000000,G5000001,28/09/2015,Returned,-29,BW000000
299458,933643,L000000,G5000001,08/09/2015,Consignment,2,BW000000
328201,669015,L000000,G5000001,10/09/2015,Consignment,2,BW000000
324041,49568,L000000,G5000001,24/09/2015,Consignment,10,BW000000
290917,353051,L000000,G6000001,01/09/2015,Returned,-1,BW000000
292541,272158,L000000,G6000001,01/09/2015,Returned,-1,BW000000
297858,804772,L000000,G6000001,06/09/2015,Returned,-1,BW000000
296047,239298,L000000,G6000001,04/09/2015,Consignment,23,BW000000
293393,303109,L000000,G6000001,03/09/2015,Returned,-7,BW000000
297009,293395,L000000,G6000001,07/09/2015,Returned,-3,BW000000
297237,972494,L000000,G6000001,07/09/2015,Returned,-31,BW000000
297415,605496,L000000,G6000001,05/09/2015,Returned,-20,BW000000
299531,381630,L000000,G6000001,08/09/2015,Returned,-13,BW000000
299831,928005,L000000,G6000001,07/09/2015,Returned,-9,BW000000
299849,207960,L000000,G6000001,07/09/2015,Returned,-7,BW000000
300617,91817,L000000,G6000001,06/09/2015,Returned,-18,BW000000
309414,784292,L000000,G6000001,07/09/2015,Returned,-4,BW000000
309894,316018,L000000,G6000001,08/09/2015,Returned,-2,BW000000
311854,775305,L000000,G6000001,08/09/2015,Returned,-2,BW000000
312482,431581,L000000,G6000001,27/09/2015,Consignment,27,BW000000
308982,275224,L000000,G6000001,20/09/2015,Consignment,6,BW000000
306226,369619,L000000,G6000001,29/09/2015,Consignment,12,BW000000
326615,928640,L000000,G6000001,16/09/2015,Consignment,10,BW000000
393414,792886,L000000,G6000001,23/09/2015,Returned,-7,BW000000
394454,838996,L000000,G6000001,21/09/2015,Returned,-7,BW000000
311804,477507,L000000,G2000001,08/09/2015,Returned,-1,BW000000
293953,508136,L000000,G2000001,01/09/2015,Returned,-4,BW000000
294642,339296,L000000,G2000001,04/09/2015,Returned,-13,BW000000
295305,497559,L000000,G2000001,02/09/2015,Returned,-3,BW000000
295537,155213,L000000,G2000001,03/09/2015,Returned,-4,BW000000
296457,608238,L000000,G2000001,07/09/2015,Returned,-5,BW000000
298572,108390,L000000,G2000001,06/09/2015,Returned,-5,BW000000
298978,129507,L000000,G2000001,08/09/2015,Returned,-8,BW000000
387784,74041,L000000,G2000001,27/09/2015,Returned,-24,BW000000
375343,349742,L000000,G2000001,21/09/2015,Returned,-10,BW000000
331506,212509,L000000,G2000001,12/09/2015,Consignment,2,BW000000
322357,76246,L000000,G2000001,24/09/2015,Consignment,30,BW000000
309942,172615,L000000,G2000001,25/09/2015,Consignment,14,BW000000
329281,292566,L000000,G2000001,21/09/2015,Consignment,19,BW000000
315588,16838,L000000,G3000001,10/09/2015,Returned,-1,BW000000
292871,74041,L000000,G3000001,01/09/2015,Returned,-11,BW000000
294818,951035,L000000,G3000001,04/09/2015,Returned,-15,BW000000
297003,293395,L000000,G3000001,05/09/2015,Returned,-2,BW000000
309386,784292,L000000,G3000001,07/09/2015,Returned,-9,BW000000
394749,86877,L000000,G3000001,29/09/2015,Returned,-9,BW000000
379715,933643,L000000,G3000001,18/09/2015,Returned,-24,BW000000
296225,633127,L000000,G3000001,03/09/2015,Consignment,2,BW000000
301303,592572,L000000,G3000001,18/09/2015,Consignment,21,BW000000
307552,983758,L000000,G3000001,17/09/2015,Consignment,21,BW000000
321662,188592,L000000,G3000001,22/09/2015,Consignment,38,BW000000
299246,377649,L000000,G1000001,07/09/2015,Consignment,2,BW000000
309615,844687,L000000,G1000001,25/09/2015,Consignment,14,BW000000
296971,293395,L000000,G1000001,07/09/2015,Returned,-1,BW000000
290081,609574,L000000,G1000001,01/09/2015,Returned,-9,BW000000
292901,74041,L000000,G1000001,02/09/2015,Returned,-9,BW000000
296999,293395,L000000,G1000001,05/09/2015,Returned,-2,BW000000
298318,730375,L000000,G1000001,07/09/2015,Returned,-12,BW000000
298570,108390,L000000,G1000001,06/09/2015,Returned,-2,BW000000
299255,983989,L000000,G1000001,08/09/2015,Returned,-8,BW000000
311345,722459,L000000,G1000001,09/09/2015,Returned,-9,BW000000
327758,151096,L000000,G1000001,11/09/2015,Returned,-8,BW000000
336816,16891,L000000,G1000001,14/09/2015,Returned,-6,BW000000
337186,872510,L000000,G1000001,13/09/2015,Returned,-100,BW000000
337539,139231,L000000,G1000001,15/09/2015,Returned,-23,BW000000
1516,592325,L000000,G1000001,25/09/2015,Returned,-4,BW000000
292415,746934,L000000,SY0000001,01/09/2015,Returned,-1,BW000000
291801,680166,L000000,SY0000001,01/09/2015,Returned,-7,BW000000
291907,316030,L000000,SY0000001,01/09/2015,Returned,-30,BW000000
292427,746934,L000000,SY0000001,01/09/2015,Returned,-26,BW000000
296481,608238,L000000,SY0000001,06/09/2015,Returned,-5,BW000000
297013,293395,L000000,SY0000001,07/09/2015,Returned,-2,BW000000
297169,116879,L000000,SY0000001,06/09/2015,Returned,-21,BW000000
297251,972494,L000000,SY0000001,07/09/2015,Returned,-55,BW000000
297335,446571,L000000,SY0000001,06/09/2015,Returned,-10,BW000000
297355,172615,L000000,SY0000001,07/09/2015,Returned,-6,BW000000
1512,593823,L000000,SY0000001,18/09/2015,Returned,-5,BW000000
293498,620032,L000000,SY0000001,03/09/2015,Consignment,2,BW000000
306537,627950,L000000,SY0000001,26/09/2015,Consignment,36,BW000000
326084,565941,L000000,SY0000001,18/09/2015,Consignment,7,BW000000
294372,89069,L000000,FTH000001,04/09/2015,Consignment,41,BW000000
309587,201559,L000000,FTH000001,08/09/2015,Consignment,202,BW000000
314710,168655,L000000,FTH000001,29/09/2015,Consignment,13,BW000000
320672,815286,L000000,FTH000001,16/09/2015,Consignment,32,BW000000
292361,424602,L000000,FTH000001,02/09/2015,Returned,-1,BW000000
290111,609574,L000000,FTH000001,01/09/2015,Returned,-5,BW000000
293867,758235,L000000,FTH000001,01/09/2015,Returned,-50,BW000000
308986,147635,L000000,FTH000001,07/09/2015,Returned,-22,BW000000
327700,933314,L000000,FTH000001,10/09/2015,Returned,-47,BW000000
397855,504748,L000000,FTH000001,22/09/2015,Returned,-19,BW000000
393447,636809,L000000,FTH000001,20/09/2015,Returned,-16,BW000000
371453,103067,L000000,FTH000001,28/09/2015,Returned,-27,BW000000
290443,28645,L000000,TY000001,02/09/2015,Returned,-1,BW000000
297319,450270,L000000,TY000001,05/09/2015,Returned,-38,BW000000
299893,571522,L000000,TY000001,08/09/2015,Returned,-53,BW000000
300757,389613,L000000,TY000001,06/09/2015,Returned,-7,BW000000
336846,16891,L000000,TY000001,13/09/2015,Returned,-2,BW000000
336848,16891,L000000,TY000001,14/09/2015,Returned,-2,BW000000
337555,139231,L000000,TY000001,13/09/2015,Returned,-3,BW000000
395947,680566,L000000,TY000001,22/09/2015,Returned,-3,BW000000
396771,91817,L000000,TY000001,23/09/2015,Returned,-13,BW000000
291370,619563,L000000,TY000001,01/09/2015,Consignment,2,BW000000
299314,98045,L000000,TY000001,07/09/2015,Consignment,2,BW000000
308478,392406,L000000,TY000001,09/09/2015,Consignment,11,BW000000
336773,96042,L000000,TY000001,15/09/2015,Consignment,4,BW000000
304980,30498,L000000,TY000001,16/09/2015,Consignment,17,BW000000
296241,330313,L000000,FST000001,05/09/2015,Consignment,2,BW000000
311424,668820,L000000,FST000001,08/09/2015,Consignment,2,BW000000
300187,605496,L000000,FST000001,08/09/2015,Returned,-1,BW000000
289328,806831,L000000,FST000001,01/09/2015,Returned,-25,BW000000
291087,523776,L000000,FST000001,02/09/2015,Returned,-153,BW000000
294882,611102,L000000,FST000001,04/09/2015,Returned,-53,BW000000
298857,673299,L000000,FST000001,08/09/2015,Returned,-20,BW000000
314518,586871,L000000,FST000001,08/09/2015,Returned,-8,BW000000
327928,53027,L000000,FST000001,09/09/2015,Returned,-34,BW000000
1518,108390,L000000,FST000001,21/09/2015,Returned,-7,BW000000
389304,845214,L000000,FST000001,21/09/2015,Returned,-26,BW000000
292549,974610,L000000,K2000001,01/09/2015,Returned,-6,BW000000
299495,423028,L000000,K2000001,06/09/2015,Returned,-4,BW000000
310207,524939,L000000,K2000001,27/09/2015,Consignment,34,BW000000
320534,395700,L000000,K2000001,19/09/2015,Consignment,24,BW000000
327738,169226,L000000,K2000001,29/09/2015,Consignment,19,BW000000
321706,431324,L000000,K2000001,22/09/2015,Consignment,21,BW000000
313900,418235,L000000,K2000001,21/09/2015,Consignment,21,BW000000
316166,481476,L000000,K1000001,23/09/2015,Consignment,1,BW000000
313949,379822,L000000,K1000001,19/09/2015,Consignment,8,BW000000
303971,508136,L000000,K1000001,19/09/2015,Consignment,26,BW000000
316551,28267,L000000,K1000001,26/09/2015,Consignment,1,BW000000
307162,490224,L000000,K1000001,16/09/2015,Consignment,16,BW000000
326678,234752,L000000,K1000001,22/09/2015,Consignment,39,BW000000
316047,592572,L000000,K1000001,19/09/2015,Consignment,29,BW000000
1514,288343,L000000,K1000001,22/09/2015,Returned,-4,BW000000
297273,972494,L000000,G1100001,05/09/2015,Returned,-49,BW000000
322038,309391,L000000,G1100001,08/09/2015,Returned,-50,BW000000
398367,191709,L000000,G1100001,19/09/2015,Returned,-9,BW000000
309562,815286,L000000,SH000001,07/09/2015,Returned,-4,BW000000
321117,570576,L000000,N0000001,24/09/2015,Consignment,20,BW000000
309817,27550,L000000,N0000001,22/09/2015,Consignment,20,BW000000
315142,61549,L000000,N0000001,25/09/2015,Consignment,37,BW000000
307621,74990,L000000,SH000001,22/09/2015,Consignment,12,BW000000
307004,543567,L000000,N0000001,23/09/2015,Consignment,33,BW000000
397264,521047,L000000,N0000001,20/09/2015,Returned,-22,BW000000
1514,337913,L000000,FST000001,24/09/2015,Returned,-6,CL0000000
1518,765085,L000000,FTH000001,26/09/2015,Returned,-4,CL0000000
307880,369265,L000000,G6000001,26/09/2015,Consignment,37,CL0000000
305728,809301,L000000,SY0000001,22/09/2015,Consignment,11,CL0000000
327104,270311,L000000,SY0000001,26/09/2015,Consignment,6,CL0000000
303547,372046,L000000,TY000001,20/09/2015,Consignment,16,CL0000000
322577,285820,L000000,FTH000001,21/09/2015,Consignment,9,CL0000000
326998,125964,L000000,G4000001,20/09/2015,Consignment,14,CL0000000
308025,766881,L000000,SY0000001,25/09/2015,Consignment,32,CL0000000
301878,53928,L000000,G5000001,20/09/2015,Consignment,6,CL0000000
304651,910721,L000000,G5000001,18/09/2015,Consignment,2,CL0000000
322833,172615,L000000,SY0000001,25/09/2015,Consignment,13,CL0000000
321288,697871,L000000,SY0000001,25/09/2015,Consignment,23,CL0000000
307708,439069,L000000,G6000001,16/09/2015,Consignment,23,CL0000000
321968,169226,L000000,SY0000001,17/09/2015,Consignment,21,CL0000000
325792,241166,L000000,G4000001,27/09/2015,Consignment,30,CL0000000
314437,561558,L000000,FTH000001,25/09/2015,Consignment,7,CL0000000
312485,119451,L000000,G6000001,24/09/2015,Consignment,18,CL0000000
320785,437774,L000000,TY000001,16/09/2015,Consignment,21,CL0000000
392885,895874,L000000,G5000001,23/09/2015,Returned,-4,CL0000000
371548,526291,L000000,SH000001,17/09/2015,Returned,-9,CL0000000
374992,701539,L000000,G6000001,28/09/2015,Returned,-14,CL0000000
383627,450270,L000000,G1100001,16/09/2015,Returned,-26,CL0000000
398461,926850,L000000,FTH000001,21/09/2015,Returned,-8,CL0000000
380834,722459,L000000,G5000001,29/09/2015,Returned,-17,CL0000000
388166,125334,L000000,TY000001,21/09/2015,Returned,-20,CL0000000
382584,25236,I000000,TY000001,20/09/2015,Returned,-6,CL0000000
386257,283151,L000000,SY0000001,24/09/2015,Returned,-7,CL0000000
370126,523118,L000000,FST000001,19/09/2015,Returned,-23,CL0000000
324790,583138,L000000,OTH,24/09/2015,Consignment,1,CL0000000
294366,770398,L000000,G2000001,02/09/2015,Consignment,2,CL0000000
311585,903306,L000000,G2000001,09/09/2015,Returned,-5,CL0000000
320086,381630,L000000,G2000001,21/09/2015,Consignment,9,CL0000000
311802,477507,L000000,G1000001,08/09/2015,Returned,-1,CL0000000
294888,611102,L000000,G1000001,02/09/2015,Returned,-20,CL0000000
299975,89553,L000000,G1000001,07/09/2015,Returned,-6,CL0000000
323000,330313,L000000,G1000001,26/09/2015,Consignment,10,CL0000000
398717,952975,L000000,G1000001,29/09/2015,Returned,-4,CL0000000
300493,895562,I000000,G3000001,08/09/2015,Returned,-9,CL0000000
300667,564982,L000000,G3000001,08/09/2015,Returned,-28,CL0000000
336620,657102,L000000,G3000001,15/09/2015,Returned,-16,CL0000000
326821,57067,L000000,G3000001,16/09/2015,Consignment,29,CL0000000
323590,972494,L000000,G3000001,28/09/2015,Consignment,5,CL0000000
390919,766607,L000000,G3000001,28/09/2015,Returned,-21,CL0000000
297347,446571,L000000,N0000001,07/09/2015,Returned,-1,CL0000000
299162,132658,L000000,N0000001,08/09/2015,Returned,-1,CL0000000
311185,251150,L000000,N0000001,08/09/2015,Returned,-1,CL0000000
291462,653337,L000000,N0000001,01/09/2015,Returned,-6,CL0000000
293965,508136,L000000,N0000001,02/09/2015,Returned,-16,CL0000000
297928,881369,L000000,N0000001,06/09/2015,Returned,-8,CL0000000
311343,722459,L000000,N0000001,09/09/2015,Returned,-11,CL0000000
391678,806831,L000000,N0000001,29/09/2015,Returned,-14,CL0000000
371424,418574,L000000,N0000001,22/09/2015,Returned,-17,CL0000000
291318,972529,L000000,N0000001,02/09/2015,Consignment,2,CL0000000
303474,80780,L000000,N0000001,27/09/2015,Consignment,34,CL0000000
321274,749231,L000000,N0000001,19/09/2015,Consignment,24,CL0000000
315248,215367,L000000,K2000001,08/09/2015,Returned,-1,CL0000000
291677,142226,L000000,K2000001,01/09/2015,Returned,-14,CL0000000
311872,775305,L000000,K2000001,10/09/2015,Returned,-14,CL0000000
314498,586871,L000000,K2000001,10/09/2015,Returned,-9,CL0000000
331927,392529,L000000,K2000001,10/09/2015,Returned,-20,CL0000000
336618,657102,L000000,K2000001,14/09/2015,Returned,-19,CL0000000
1516,846246,L000000,K2000001,28/09/2015,Returned,-5,CL0000000
399422,790967,L000000,K2000001,22/09/2015,Returned,-3,CL0000000
381875,897442,L000000,K2000001,19/09/2015,Returned,-27,CL0000000
393483,627950,L000000,K2000001,25/09/2015,Returned,-25,CL0000000
305442,418235,L000000,K2000001,24/09/2015,Consignment,1,CL0000000
324260,479824,L000000,K2000001,25/09/2015,Consignment,13,CL0000000
299859,207960,L000000,K1000001,08/09/2015,Returned,-1,CL0000000
291655,248968,L000000,K1000001,02/09/2015,Returned,-2,CL0000000
292619,75474,L000000,K1000001,02/09/2015,Returned,-5,CL0000000
294077,450626,L000000,K1000001,02/09/2015,Returned,-25,CL0000000
311311,722459,L000000,K1000001,08/09/2015,Returned,-2,CL0000000
396332,758235,L000000,K1000001,20/09/2015,Returned,-4,CL0000000
391041,452060,L000000,K1000001,23/09/2015,Returned,-13,CL0000000
305775,635395,L000000,K1000001,23/09/2015,Consignment,23,CL0000000
300617,188592,L000000,K1000001,28/09/2015,Consignment,28,CL0000000
307813,748102,L000000,K1000001,21/09/2015,Consignment,1,CL0000000
307836,156924,L000000,K1000001,21/09/2015,Consignment,31,CL0000000
97241,25236,I000000,K2000001,16/04/2015,Consignment,45,CL0000000
158037,39094,I000000,K2000001,05/06/2015,Consignment,75,BW000000
158037,39094,I000000,K2000001,03/06/2015,Consignment,75,BW000000
148043,316643,L000000,K2000001,28/05/2015,Consignment,253,CL0000000
1504,524212,I000000,K1000001,14/01/2015,Consignment,19,CL0000000
1508,995462,I000000,G3000001,27/01/2015,Consignment,43,CL0000000
440679,744911,I000000,G5000001,15/10/2015,Consignment,290,BW000000
535568,895562,I000000,K2000001,17/11/2015,Consignment,92,CL0000000
559681,922881,L000000,K1000001,26/11/2015,Consignment,77,CL0000000
543055,361378,I000000,G3000001,16/11/2015,Consignment,63,CL0000000
352102,642859,I000000,TY000001,16/12/2015,Consignment,50,CL0000000
341643,455387,I000000,FTH000001,29/12/2015,Consignment,42,BW000000
202299,766950,L000000,G4000001,12/07/2015,Returned,-1,BW000000
226025,379822,L000000,G4000001,27/07/2015,Returned,-1,BW000000
494448,313833,L000000,G4000001,09/10/2015,Returned,-2,BW000000
222228,476886,L000000,G5000001,28/07/2015,Returned,-1,BW000000
171957,501104,L000000,G5000001,17/06/2015,Returned,-25,BW000000
192992,837342,L000000,G5000001,02/07/2015,Returned,-9,BW000000
202291,766950,L000000,G5000001,13/07/2015,Returned,-3,BW000000
204251,891888,L000000,G5000001,14/07/2015,Returned,-5,BW000000
208636,479824,L000000,G5000001,16/07/2015,Returned,-20,BW000000
208716,806050,L000000,G5000001,15/07/2015,Returned,-60,BW000000
218250,490115,L000000,G5000001,24/07/2015,Returned,-80,BW000000
229383,658831,L000000,G5000001,31/07/2015,Returned,-14,BW000000
229405,658831,L000000,G5000001,30/07/2015,Returned,-14,BW000000
594721,158438,L000000,G5000001,11/11/2015,Returned,-6,BW000000
218024,887464,L000000,G2000001,25/07/2015,Returned,-15,BW000000
219578,50795,L000000,G2000001,26/07/2015,Returned,-31,BW000000
67421,123916,L000000,OTH,17/03/2015,Returned,-4,BW000000
169291,953516,L000000,OTH,15/06/2015,Returned,-45,BW000000
473928,285820,L000000,OTH,07/10/2015,Returned,-4,BW000000
146936,881369,L000000,G3000001,26/05/2015,Returned,-45,BW000000
209935,549228,L000000,G3000001,20/07/2015,Returned,-11,BW000000
220504,407375,L000000,G3000001,27/07/2015,Returned,-8,BW000000
233444,126388,L000000,G3000001,30/07/2015,Returned,-9,BW000000
487522,482721,L000000,G3000001,17/10/2015,Returned,-2,BW000000
486901,658831,L000000,G3000001,17/10/2015,Returned,-5,BW000000
574329,79472,L000000,G3000001,03/11/2015,Returned,-10,BW000000
392086,569576,L000000,G3000001,02/12/2015,Returned,-2,BW000000
146932,881369,L000000,G1000001,27/05/2015,Returned,-60,BW000000
171949,501104,L000000,G1000001,16/06/2015,Returned,-30,BW000000
216207,842276,L000000,G1000001,22/07/2015,Returned,-6,BW000000
226317,739810,L000000,G1000001,29/07/2015,Returned,-2,BW000000
228397,337913,L000000,G1000001,30/07/2015,Returned,-11,BW000000
228991,583138,L000000,SY0000001,31/07/2015,Returned,-27,BW000000
211668,861242,L000000,FTH000001,21/07/2015,Returned,-14,BW000000
215833,858459,L000000,FTH000001,22/07/2015,Returned,-15,BW000000
220395,807808,L000000,FTH000001,27/07/2015,Returned,-31,BW000000
234809,108320,L000000,FTH000001,31/07/2015,Returned,-23,BW000000
594457,490224,L000000,FTH000001,18/11/2015,Returned,-2,BW000000
203821,201559,L000000,TY000001,15/07/2015,Returned,-32,BW000000
204473,825843,L000000,TY000001,15/07/2015,Returned,-6,BW000000
216806,1233,L000000,TY000001,25/07/2015,Returned,-43,BW000000
193306,231565,L000000,FST000001,02/07/2015,Returned,-44,BW000000
221676,501391,L000000,FST000001,26/07/2015,Returned,-19,BW000000
222797,757199,L000000,FST000001,27/07/2015,Returned,-10,BW000000
231731,860688,L000000,FST000001,31/07/2015,Returned,-106,BW000000
593622,848665,L000000,FST000001,24/11/2015,Returned,-9,BW000000
496381,619563,L000000,K2000001,05/10/2015,Returned,-3,BW000000
483396,853260,L000000,K2000001,18/10/2015,Returned,-10,BW000000
496861,882835,L000000,K2000001,18/10/2015,Returned,-8,BW000000
496074,248968,L000000,K2000001,17/10/2015,Returned,-4,BW000000
472912,983758,L000000,K2000001,08/10/2015,Returned,-9,BW000000
393789,634000,L000000,K2000001,14/12/2015,Returned,-5,BW000000
478437,387021,L000000,K1000001,14/10/2015,Returned,-9,BW000000
387810,413606,L000000,K1000001,04/12/2015,Returned,-3,BW000000
207280,360677,L000000,N0000001,17/07/2015,Returned,-12,BW000000
224397,931324,L000000,N0000001,27/07/2015,Returned,-15,BW000000
591634,19296,L000000,N0000001,14/11/2015,Returned,-9,BW000000
478673,22660,L000000,G6000001,11/10/2015,Returned,-7,CL0000000
473542,503598,L000000,G4000001,09/10/2015,Returned,-5,CL0000000
493601,28645,L000000,G6000001,17/10/2015,Returned,-4,CL0000000
593173,770398,L000000,G5000001,22/11/2015,Returned,-10,CL0000000
576200,410547,L000000,G5000001,29/11/2015,Returned,-7,CL0000000
573147,224055,L000000,SY0000001,08/11/2015,Returned,-2,CL0000000
591364,91817,L000000,FST000001,12/11/2015,Returned,-6,CL0000000
583351,424602,L000000,FST000001,29/11/2015,Returned,-10,CL0000000
376134,835530,L000000,G4000001,12/12/2015,Returned,-3,CL0000000
397307,636809,L000000,SY0000001,25/12/2015,Returned,-2,CL0000000
386162,766881,L000000,FTH000001,25/12/2015,Returned,-3,CL0000000
399073,904646,L000000,SY0000001,05/12/2015,Returned,-2,CL0000000
470537,795176,L000000,OTH,10/10/2015,Returned,-5,CL0000000
475044,790513,L000000,OTH,14/10/2015,Returned,-4,CL0000000
472241,188965,L000000,G2000001,10/10/2015,Returned,-8,CL0000000
495450,830982,L000000,G2000001,19/10/2015,Returned,-9,CL0000000
488849,272158,L000000,G1000001,11/10/2015,Returned,-4,CL0000000
495428,385674,L000000,G1000001,12/10/2015,Returned,-8,CL0000000
487900,303109,L000000,G3000001,08/10/2015,Returned,-4,CL0000000
597174,69381,L000000,G3000001,04/11/2015,Returned,-5,CL0000000
578577,571522,L000000,G3000001,05/11/2015,Returned,-9,CL0000000
392555,477507,L000000,G3000001,09/12/2015,Returned,-4,CL0000000
202269,980926,L000000,N0000001,14/07/2015,Returned,-9,CL0000000
204219,152464,L000000,N0000001,15/07/2015,Returned,-30,CL0000000
207562,180310,I000000,N0000001,16/07/2015,Returned,-16,CL0000000
207783,91953,L000000,N0000001,15/07/2015,Returned,-7,CL0000000
213187,754157,L000000,N0000001,23/07/2015,Returned,-10,CL0000000
218436,349742,L000000,N0000001,24/07/2015,Returned,-3,CL0000000
169299,629929,L000000,K2000001,15/06/2015,Returned,-40,CL0000000
206816,482721,L000000,K2000001,16/07/2015,Returned,-9,CL0000000
207787,91953,L000000,K2000001,15/07/2015,Returned,-5,CL0000000
211520,450658,L000000,K2000001,21/07/2015,Returned,-25,CL0000000
213173,754157,L000000,K2000001,22/07/2015,Returned,-11,CL0000000
217660,384477,L000000,K2000001,23/07/2015,Returned,-14,CL0000000
221836,853260,L000000,K2000001,26/07/2015,Returned,-18,CL0000000
228409,337913,L000000,K2000001,30/07/2015,Returned,-3,CL0000000
594167,126388,L000000,K2000001,01/11/2015,Returned,-7,CL0000000
585740,673299,L000000,K2000001,12/11/2015,Returned,-7,CL0000000
592708,439069,L000000,K2000001,26/11/2015,Returned,-4,CL0000000
158794,504748,L000000,K1000001,05/06/2015,Returned,-45,CL0000000
203986,89589,L000000,K1000001,13/07/2015,Returned,-5,CL0000000
215124,754925,L000000,K1000001,22/07/2015,Returned,-21,CL0000000
217014,445770,L000000,K1000001,23/07/2015,Returned,-18,CL0000000
234286,901701,L000000,K1000001,31/07/2015,Returned,-7,CL0000000
389707,398928,L000000,K1000001,17/12/2015,Returned,-2,CL0000000
370474,474491,L000000,K1000001,10/12/2015,Returned,-4,CL0000000
1213,204815,L000000,G4000001,28/01/2015,Consignment,9,BW000000
421960,224055,L000000,G4000001,28/10/2015,Consignment,4,BW000000
401213,125334,L000000,G4000001,28/10/2015,Consignment,2,BW000000
515434,757199,L000000,G4000001,13/11/2015,Consignment,11,BW000000
310661,725712,L000000,G4000001,15/12/2015,Consignment,3,BW000000
319093,149940,L000000,G4000001,23/12/2015,Consignment,5,BW000000
308916,16891,L000000,G4000001,18/12/2015,Consignment,4,BW000000
7586,369265,L000000,G5000001,03/02/2015,Consignment,2,BW000000
1329,224568,L000000,G5000001,01/01/2015,Consignment,5,BW000000
400447,17072,L000000,G5000001,26/10/2015,Consignment,3,BW000000
514925,479204,L000000,G5000001,14/11/2015,Consignment,17,BW000000
317563,253004,L000000,G5000001,19/12/2015,Consignment,21,BW000000
308615,217503,L000000,G5000001,14/12/2015,Consignment,16,BW000000
203129,479365,L000000,G6000001,12/07/2015,Consignment,12,BW000000
1420,522466,L000000,G6000001,11/01/2015,Consignment,6,BW000000
405407,250410,L000000,G6000001,22/10/2015,Consignment,9,BW000000
526013,695799,L000000,G6000001,24/11/2015,Consignment,24,BW000000
312615,445770,L000000,G6000001,09/12/2015,Consignment,21,BW000000
7459,321818,L000000,G2000001,03/02/2015,Consignment,2,BW000000
72987,385674,L000000,G2000001,29/03/2015,Consignment,391,BW000000
409581,316030,L000000,G2000001,18/10/2015,Consignment,2,BW000000
412908,825201,L000000,G2000001,15/10/2015,Consignment,2,BW000000
526033,621454,L000000,G2000001,13/11/2015,Consignment,10,BW000000
320703,667872,L000000,G2000001,01/12/2015,Consignment,3,BW000000
317922,899792,L000000,G2000001,08/12/2015,Consignment,9,BW000000
1230,985419,L000000,OTH,09/01/2015,Consignment,2,BW000000
7513,620354,L000000,G3000001,04/02/2015,Consignment,240,BW000000
193822,571376,L000000,G3000001,04/07/2015,Consignment,30,BW000000
210882,129507,L000000,G3000001,19/07/2015,Consignment,23,BW000000
226506,583138,L000000,G3000001,28/07/2015,Consignment,2,BW000000
428155,260054,L000000,G3000001,15/10/2015,Consignment,9,BW000000
404571,627950,L000000,G3000001,08/10/2015,Consignment,4,BW000000
421220,132658,L000000,G3000001,16/10/2015,Consignment,8,BW000000
406658,991744,L000000,G3000001,21/10/2015,Consignment,5,BW000000
516570,497559,L000000,G3000001,09/11/2015,Consignment,25,BW000000
517120,27550,L000000,G3000001,12/11/2015,Consignment,17,BW000000
309857,55825,L000000,G3000001,27/12/2015,Consignment,23,BW000000
62278,575301,L000000,G1000001,04/03/2015,Consignment,345,BW000000
72967,385674,L000000,G1000001,31/03/2015,Consignment,414,BW000000
74717,369265,L000000,G1000001,31/03/2015,Consignment,276,BW000000
207035,199744,L000000,G1000001,15/07/2015,Consignment,2,BW000000
415018,569576,L000000,G1000001,27/10/2015,Consignment,1,BW000000
306660,821248,L000000,G1000001,28/12/2015,Consignment,11,BW000000
313617,69381,L000000,G1000001,18/12/2015,Consignment,13,BW000000
309627,754157,L000000,G1000001,26/12/2015,Consignment,23,BW000000
64540,513323,L000000,SY0000001,12/03/2015,Consignment,3,BW000000
64540,513323,L000000,SY0000001,13/03/2015,Consignment,3,BW000000
66800,350360,L000000,SY0000001,18/03/2015,Consignment,158,BW000000
198001,369619,L000000,SY0000001,09/07/2015,Consignment,57,BW000000
201027,890040,L000000,SY0000001,10/07/2015,Consignment,5,BW000000
211856,233270,L000000,SY0000001,20/07/2015,Consignment,68,BW000000
224274,922881,L000000,SY0000001,26/07/2015,Consignment,460,BW000000
1431,950170,L000000,SY0000001,14/01/2015,Consignment,6,BW000000
1123,744911,I000000,SY0000001,04/01/2015,Consignment,2,BW000000
104629,835869,L000000,G1100001,12/06/2015,Consignment,48,BW000000
421738,224055,L000000,SY0000001,12/10/2015,Consignment,7,BW000000
427250,746934,L000000,SY0000001,10/10/2015,Consignment,9,BW000000
312612,330539,L000000,SY0000001,02/12/2015,Consignment,21,BW000000
74755,188965,L000000,FTH000001,31/03/2015,Consignment,75,BW000000
195509,366980,L000000,FTH000001,05/07/2015,Consignment,45,BW000000
197897,674461,L000000,FTH000001,09/07/2015,Consignment,6,BW000000
203582,104642,L000000,FTH000001,14/07/2015,Consignment,30,BW000000
208995,231565,L000000,FTH000001,17/07/2015,Consignment,2,BW000000
1310,564982,L000000,FTH000001,13/01/2015,Consignment,7,BW000000
1045,379058,L000000,FTH000001,24/01/2015,Consignment,5,BW000000
428624,939263,L000000,FTH000001,05/10/2015,Consignment,6,BW000000
428528,349742,L000000,FTH000001,16/10/2015,Consignment,1,BW000000
408472,636934,L000000,FTH000001,13/10/2015,Consignment,3,BW000000
501725,860688,L000000,FTH000001,12/11/2015,Consignment,11,BW000000
312424,397206,L000000,FTH000001,09/12/2015,Consignment,6,BW000000
318862,680566,L000000,FTH000001,17/12/2015,Consignment,2,BW000000
1202,142230,L000000,TY000001,05/01/2015,Consignment,2,BW000000
529256,122329,L000000,TY000001,18/11/2015,Consignment,13,BW000000
525921,840960,L000000,TY000001,03/11/2015,Consignment,6,BW000000
203552,952975,L000000,FST000001,13/07/2015,Consignment,18,BW000000
418639,356424,L000000,FST000001,16/10/2015,Consignment,7,BW000000
407045,887464,L000000,FST000001,16/10/2015,Consignment,2,BW000000
524844,28645,L000000,FST000001,05/11/2015,Consignment,20,BW000000
516455,356424,L000000,FST000001,03/11/2015,Consignment,12,BW000000
511365,156924,L000000,FST000001,25/11/2015,Consignment,1,BW000000
192156,285179,L000000,K2000001,02/07/2015,Consignment,12,BW000000
194014,326954,L000000,K2000001,02/07/2015,Consignment,12,BW000000
198149,996147,L000000,K2000001,09/07/2015,Consignment,6,BW000000
198584,191709,L000000,K2000001,09/07/2015,Consignment,23,BW000000
198586,191709,L000000,K2000001,08/07/2015,Consignment,12,BW000000
200152,156924,L000000,K2000001,09/07/2015,Consignment,6,BW000000
229654,766607,L000000,K2000001,31/07/2015,Consignment,2,BW000000
1384,491385,L000000,K2000001,09/01/2015,Consignment,4,BW000000
1388,844178,L000000,K2000001,22/01/2015,Consignment,4,BW000000
1465,571522,L000000,K2000001,28/01/2015,Consignment,2,BW000000
412533,276845,L000000,K2000001,21/10/2015,Consignment,3,BW000000
411300,553955,L000000,K2000001,07/10/2015,Consignment,4,BW000000
417737,429759,L000000,K2000001,23/10/2015,Consignment,5,BW000000
521547,490115,L000000,K2000001,12/11/2015,Consignment,1,BW000000
522756,504748,L000000,K2000001,26/11/2015,Consignment,1,BW000000
511772,479204,L000000,K2000001,14/11/2015,Consignment,16,BW000000
314551,751628,L000000,K2000001,17/12/2015,Consignment,21,BW000000
312623,89553,L000000,K2000001,25/12/2015,Consignment,10,BW000000
300487,501104,L000000,K2000001,09/12/2015,Consignment,14,BW000000
322582,188965,L000000,K2000001,04/12/2015,Consignment,9,BW000000
318653,123916,L000000,K2000001,03/12/2015,Consignment,1,BW000000
301924,680166,L000000,K2000001,14/12/2015,Consignment,14,BW000000
195375,399297,L000000,K1000001,04/07/2015,Consignment,12,BW000000
208256,567280,L000000,K1000001,16/07/2015,Consignment,12,BW000000
210472,85530,L000000,K1000001,19/07/2015,Consignment,2,BW000000
1379,732723,L000000,K1000001,27/01/2015,Consignment,9,BW000000
1114,929964,L000000,K1000001,13/01/2015,Consignment,3,BW000000
429020,158438,L000000,K1000001,02/10/2015,Consignment,4,BW000000
400431,288343,L000000,K1000001,09/10/2015,Consignment,9,BW000000
416972,91817,L000000,K1000001,27/10/2015,Consignment,5,BW000000
517983,350360,L000000,K1000001,09/11/2015,Consignment,6,BW000000
524578,316030,L000000,K1000001,16/11/2015,Consignment,21,BW000000
308882,234765,L000000,K1000001,14/12/2015,Consignment,14,BW000000
322849,177660,L000000,K1000001,25/12/2015,Consignment,20,BW000000
311293,379822,L000000,G1100001,29/12/2015,Consignment,8,BW000000
201554,53928,L000000,SH000001,11/07/2015,Consignment,180,BW000000
204937,748005,L000000,SH000001,13/07/2015,Consignment,147,BW000000
204961,250977,L000000,SH000001,15/07/2015,Consignment,45,BW000000
212722,47158,I000000,SH000001,22/07/2015,Consignment,315,BW000000
1396,537702,L000000,N0000001,25/01/2015,Consignment,1,BW000000
410255,2111,L000000,N0000001,13/10/2015,Consignment,4,BW000000
401550,768230,L000000,N0000001,21/10/2015,Consignment,9,BW000000
519768,847341,L000000,N0000001,10/11/2015,Consignment,3,BW000000
319465,746934,L000000,N0000001,02/12/2015,Consignment,18,BW000000
314633,116794,L000000,N0000001,14/12/2015,Consignment,16,BW000000
318287,224568,L000000,N0000001,16/12/2015,Consignment,19,BW000000
1099,802422,L000000,TY000001,16/01/2015,Consignment,3,CL0000000
1454,376726,L000000,FTH000001,06/01/2015,Consignment,6,CL0000000
1105,419396,L000000,G6000001,02/01/2015,Consignment,2,CL0000000
1280,272682,L000000,G5000001,26/01/2015,Consignment,2,CL0000000
1335,501104,L000000,G4000001,20/01/2015,Consignment,3,CL0000000
1162,807808,L000000,G5000001,30/01/2015,Consignment,6,CL0000000
426753,125334,L000000,SY0000001,02/10/2015,Consignment,7,CL0000000
427442,183951,L000000,G5000001,18/10/2015,Consignment,1,CL0000000
429070,818161,L000000,SY0000001,17/10/2015,Consignment,7,CL0000000
426994,553638,L000000,G6000001,01/10/2015,Consignment,1,CL0000000
415902,28645,L000000,FTH000001,02/10/2015,Consignment,8,CL0000000
416156,232950,L000000,G6000001,20/10/2015,Consignment,3,CL0000000
426726,629929,L000000,TY000001,28/10/2015,Consignment,8,CL0000000
414030,589425,L000000,SY0000001,26/10/2015,Consignment,4,CL0000000
411751,861242,L000000,G6000001,14/10/2015,Consignment,9,CL0000000
415921,394648,L000000,FTH000001,09/10/2015,Consignment,2,CL0000000
411598,316643,L000000,FTH000001,11/10/2015,Consignment,8,CL0000000
414092,399297,L000000,FTH000001,14/10/2015,Consignment,8,CL0000000
422769,69835,L000000,SY0000001,20/10/2015,Consignment,6,CL0000000
425937,697871,L000000,G4000001,09/10/2015,Consignment,7,CL0000000
416551,224568,L000000,G4000001,16/10/2015,Consignment,6,CL0000000
404321,455387,I000000,SY0000001,06/10/2015,Consignment,5,CL0000000
420975,446571,L000000,G6000001,16/10/2015,Consignment,9,CL0000000
521779,973976,L000000,G4000001,22/11/2015,Consignment,13,CL0000000
513388,933314,L000000,G4000001,06/11/2015,Consignment,25,CL0000000
326835,592572,L000000,FTH000001,23/12/2015,Consignment,9,CL0000000
302613,835869,L000000,G4000001,06/12/2015,Consignment,1,CL0000000
326277,371463,L000000,G6000001,29/12/2015,Consignment,17,CL0000000
308502,929758,L000000,G4000001,27/12/2015,Consignment,22,CL0000000
321735,688997,L000000,FST000001,14/12/2015,Consignment,9,CL0000000
407793,404455,L000000,OTH,27/10/2015,Consignment,2,CL0000000
1341,461709,L000000,G2000001,24/01/2015,Consignment,4,CL0000000
519294,125964,L000000,G2000001,03/11/2015,Consignment,11,CL0000000
409272,835530,L000000,G1000001,16/10/2015,Consignment,7,CL0000000
424368,646184,L000000,G1000001,19/10/2015,Consignment,1,CL0000000
423098,393574,L000000,G1000001,06/10/2015,Consignment,2,CL0000000
423556,842276,L000000,G1000001,14/10/2015,Consignment,9,CL0000000
517086,632813,L000000,G1000001,11/11/2015,Consignment,22,CL0000000
322674,191709,L000000,G1000001,08/12/2015,Consignment,9,CL0000000
405245,757199,L000000,G3000001,26/10/2015,Consignment,6,CL0000000
421929,188592,L000000,G3000001,16/10/2015,Consignment,7,CL0000000
514384,473710,L000000,G3000001,22/11/2015,Consignment,21,CL0000000
66730,26291,L000000,N0000001,17/03/2015,Consignment,126,CL0000000
196145,695799,L000000,N0000001,06/07/2015,Consignment,36,CL0000000
196145,695799,L000000,N0000001,06/07/2015,Consignment,36,CL0000000
197605,674451,L000000,N0000001,08/07/2015,Consignment,38,CL0000000
206998,19296,L000000,N0000001,16/07/2015,Consignment,2,CL0000000
1492,840960,L000000,N0000001,15/01/2015,Consignment,3,CL0000000
411872,636809,L000000,N0000001,26/10/2015,Consignment,1,CL0000000
407742,810381,L000000,N0000001,22/10/2015,Consignment,8,CL0000000
520120,501104,L000000,N0000001,13/11/2015,Consignment,4,CL0000000
74857,621305,L000000,K2000001,31/03/2015,Consignment,20,CL0000000
193119,629929,L000000,K2000001,01/07/2015,Consignment,75,CL0000000
201546,632813,L000000,K2000001,13/07/2015,Consignment,23,CL0000000
201779,224568,L000000,K2000001,11/07/2015,Consignment,23,CL0000000
206941,285179,L000000,K2000001,15/07/2015,Consignment,12,CL0000000
207661,983758,L000000,K2000001,16/07/2015,Consignment,23,CL0000000
216527,730375,L000000,K2000001,23/07/2015,Consignment,38,CL0000000
219493,375029,L000000,K2000001,26/07/2015,Consignment,5,CL0000000
225145,22660,L000000,K2000001,29/07/2015,Consignment,3,CL0000000
1497,258876,L000000,K2000001,06/01/2015,Consignment,6,CL0000000
400831,399833,L000000,K2000001,18/10/2015,Consignment,2,CL0000000
529340,901701,L000000,K2000001,02/11/2015,Consignment,22,CL0000000
506088,168721,L000000,K2000001,04/11/2015,Consignment,20,CL0000000
324315,942017,L000000,K2000001,23/12/2015,Consignment,7,CL0000000
321877,477507,L000000,K2000001,29/12/2015,Consignment,4,CL0000000
7485,335332,L000000,K1000001,03/02/2015,Consignment,2,CL0000000
7988,44647,L000000,K1000001,11/02/2015,Consignment,30,CL0000000
67416,221951,L000000,K1000001,19/03/2015,Consignment,126,CL0000000
69777,217503,L000000,K1000001,20/03/2015,Consignment,30,CL0000000
74871,394648,L000000,K1000001,30/03/2015,Consignment,38,CL0000000
196141,695799,L000000,K1000001,06/07/2015,Consignment,131,CL0000000
197945,381736,L000000,K1000001,09/07/2015,Consignment,12,CL0000000
197945,381736,L000000,K1000001,07/07/2015,Consignment,12,CL0000000
201103,657102,L000000,K1000001,11/07/2015,Consignment,6,CL0000000
206967,220477,L000000,K1000001,15/07/2015,Consignment,11,CL0000000
210492,725712,L000000,K1000001,20/07/2015,Consignment,5,CL0000000
1086,875289,L000000,K1000001,22/01/2015,Consignment,8,CL0000000
417371,953516,L000000,K1000001,19/10/2015,Consignment,3,CL0000000
423123,646184,L000000,K1000001,29/10/2015,Consignment,6,CL0000000
506507,571376,L000000,K1000001,05/11/2015,Consignment,19,CL0000000
506272,502552,L000000,K1000001,20/11/2015,Consignment,15,CL0000000
510232,365496,L000000,K1000001,13/11/2015,Consignment,22,CL0000000
515143,571376,L000000,K1000001,26/11/2015,Consignment,14,CL0000000
174938,865430,L000000,G4000001,18/06/2015,Consignment,2,BW000000
176515,575301,L000000,G4000001,20/06/2015,Consignment,12,BW000000
183658,837342,L000000,G4000001,26/06/2015,Consignment,12,BW000000
171598,369265,L000000,G5000001,17/06/2015,Consignment,235,BW000000
176625,449275,L000000,G5000001,21/06/2015,Consignment,71,BW000000
183634,890040,L000000,G5000001,26/06/2015,Consignment,10,BW000000
183694,874172,L000000,G5000001,26/06/2015,Consignment,30,BW000000
190041,173863,L000000,G5000001,29/06/2015,Consignment,30,BW000000
164992,80752,L000000,G6000001,11/06/2015,Consignment,23,BW000000
182050,395700,L000000,G6000001,24/06/2015,Consignment,60,BW000000
165603,5899,L000000,G2000001,10/06/2015,Consignment,30,BW000000
165631,553955,L000000,G2000001,10/06/2015,Consignment,45,BW000000
174684,739810,L000000,G2000001,17/06/2015,Consignment,12,BW000000
191302,975458,L000000,G2000001,30/06/2015,Consignment,2,BW000000
163626,809301,L000000,OTH,08/06/2015,Consignment,45,BW000000
161932,323277,L000000,G3000001,08/06/2015,Consignment,75,BW000000
161944,844687,L000000,G3000001,07/06/2015,Consignment,3,BW000000
188339,648308,L000000,G3000001,28/06/2015,Consignment,68,BW000000
162340,648308,L000000,G1000001,08/06/2015,Consignment,45,BW000000
173355,940572,L000000,G1000001,16/06/2015,Consignment,60,BW000000
175658,771339,L000000,G1000001,20/06/2015,Consignment,45,BW000000
178581,789681,L000000,G1000001,21/06/2015,Consignment,12,BW000000
155157,979843,L000000,SY0000001,02/06/2015,Consignment,345,BW000000
165056,748102,L000000,SY0000001,09/06/2015,Consignment,345,BW000000
178808,371463,L000000,SY0000001,22/06/2015,Consignment,60,BW000000
164958,505919,L000000,FTH000001,09/06/2015,Consignment,126,BW000000
168708,766881,L000000,FTH000001,12/06/2015,Consignment,30,BW000000
179330,439069,L000000,FTH000001,23/06/2015,Consignment,23,BW000000
186477,871573,L000000,FTH000001,28/06/2015,Consignment,12,BW000000
158909,858459,L000000,TY000001,05/06/2015,Consignment,23,BW000000
166376,947876,L000000,TY000001,11/06/2015,Consignment,23,BW000000
156381,680166,L000000,FST000001,04/06/2015,Consignment,23,BW000000
156381,680166,L000000,FST000001,02/06/2015,Consignment,23,BW000000
163596,418574,L000000,K2000001,08/06/2015,Consignment,23,BW000000
165521,5899,L000000,K2000001,12/06/2015,Consignment,18,BW000000
179212,768230,L000000,K2000001,22/06/2015,Consignment,12,BW000000
166828,379058,L000000,K1000001,10/06/2015,Consignment,30,BW000000
167462,397206,L000000,K1000001,11/06/2015,Consignment,5,BW000000
168638,732723,L000000,K1000001,14/06/2015,Consignment,12,BW000000
168934,188592,L000000,K1000001,14/06/2015,Consignment,18,BW000000
176385,270483,L000000,K1000001,20/06/2015,Consignment,24,BW000000
176389,270483,L000000,K1000001,21/06/2015,Consignment,24,BW000000
176533,481476,L000000,K1000001,19/06/2015,Consignment,75,BW000000
179192,397206,L000000,K1000001,23/06/2015,Consignment,2,BW000000
158185,589427,L000000,N0000001,03/06/2015,Consignment,6,BW000000
158887,858459,L000000,N0000001,04/06/2015,Consignment,30,BW000000
164456,802549,L000000,N0000001,09/06/2015,Consignment,6,BW000000
172953,158438,L000000,N0000001,16/06/2015,Consignment,38,BW000000
176631,85530,L000000,N0000001,20/06/2015,Consignment,36,BW000000
182530,875646,L000000,N0000001,26/06/2015,Consignment,126,BW000000
185528,902785,L000000,N0000001,28/06/2015,Consignment,2,BW000000
177640,825201,L000000,G1000001,21/06/2015,Consignment,75,CL0000000
153542,356424,L000000,N0000001,02/06/2015,Consignment,33,CL0000000
168516,92863,L000000,N0000001,14/06/2015,Consignment,30,CL0000000
168526,667872,L000000,N0000001,12/06/2015,Consignment,38,CL0000000
168574,209384,L000000,N0000001,14/06/2015,Consignment,12,CL0000000
175004,473689,L000000,N0000001,18/06/2015,Consignment,12,CL0000000
175418,457473,L000000,N0000001,20/06/2015,Consignment,29,CL0000000
176677,407375,L000000,N0000001,21/06/2015,Consignment,5,CL0000000
185568,907689,L000000,N0000001,28/06/2015,Consignment,50,CL0000000
162353,175780,L000000,K2000001,08/06/2015,Consignment,30,CL0000000
170051,224055,L000000,K2000001,14/06/2015,Consignment,53,CL0000000
170471,680566,L000000,K2000001,14/06/2015,Consignment,38,CL0000000
176651,865430,L000000,K2000001,22/06/2015,Consignment,6,CL0000000
165000,232950,L000000,K1000001,10/06/2015,Consignment,4,CL0000000
167073,638736,L000000,K1000001,11/06/2015,Consignment,4,CL0000000
170213,885729,L000000,K1000001,15/06/2015,Consignment,23,CL0000000
171562,91953,L000000,K1000001,15/06/2015,Consignment,12,CL0000000
171562,91953,L000000,K1000001,16/06/2015,Consignment,12,CL0000000
172330,353051,L000000,K1000001,16/06/2015,Consignment,60,CL0000000
179596,108668,L000000,K1000001,22/06/2015,Consignment,12,CL0000000
181136,717399,L000000,K1000001,24/06/2015,Consignment,27,CL0000000
187155,688997,L000000,K1000001,28/06/2015,Consignment,12,CL0000000
82695,566080,L000000,G4000001,05/04/2015,Consignment,75,BW000000
82695,566080,L000000,G4000001,05/04/2015,Consignment,75,BW000000
87175,929758,L000000,G4000001,09/04/2015,Consignment,68,BW000000
87668,53928,L000000,G4000001,10/04/2015,Consignment,75,BW000000
89549,629382,L000000,G4000001,11/04/2015,Consignment,116,BW000000
113877,497965,L000000,G4000001,29/04/2015,Consignment,189,BW000000
108473,98970,L000000,G5000001,24/04/2015,Consignment,45,BW000000
116243,932163,L000000,G5000001,30/04/2015,Consignment,45,BW000000
103335,658831,L000000,G6000001,22/04/2015,Consignment,60,BW000000
111005,259298,L000000,G6000001,26/04/2015,Consignment,137,BW000000
87603,926850,L000000,G2000001,10/04/2015,Consignment,23,BW000000
106761,351880,L000000,G2000001,24/04/2015,Consignment,30,BW000000
106809,617721,L000000,G2000001,24/04/2015,Consignment,45,BW000000
114005,897442,L000000,G2000001,29/04/2015,Consignment,137,BW000000
115849,74041,L000000,OTH,28/04/2015,Consignment,116,BW000000
81995,589266,L000000,G3000001,06/04/2015,Consignment,210,BW000000
102957,539738,L000000,G3000001,20/04/2015,Consignment,45,BW000000
87892,790513,L000000,G1000001,11/04/2015,Consignment,116,BW000000
88369,503598,L000000,G1000001,11/04/2015,Consignment,126,BW000000
93367,172170,L000000,G1000001,15/04/2015,Consignment,276,BW000000
106759,351880,L000000,G1000001,23/04/2015,Consignment,45,BW000000
112839,593823,L000000,G1000001,29/04/2015,Consignment,137,BW000000
112839,593823,L000000,G1000001,28/04/2015,Consignment,137,BW000000
114003,897442,L000000,G1000001,29/04/2015,Consignment,158,BW000000
83257,525470,L000000,SY0000001,06/04/2015,Consignment,24,BW000000
84028,253004,L000000,SY0000001,08/04/2015,Consignment,60,BW000000
87619,255542,L000000,SY0000001,09/04/2015,Consignment,75,BW000000
89677,640175,L000000,SY0000001,13/04/2015,Consignment,23,BW000000
93735,501391,L000000,SY0000001,15/04/2015,Consignment,45,BW000000
100648,871573,L000000,SY0000001,19/04/2015,Consignment,53,BW000000
104482,684979,L000000,SY0000001,22/04/2015,Consignment,210,BW000000
116127,491385,L000000,SY0000001,30/04/2015,Consignment,45,BW000000
75913,130666,L000000,FTH000001,03/04/2015,Consignment,116,BW000000
78685,745807,L000000,FTH000001,03/04/2015,Consignment,189,BW000000
82017,882835,L000000,FTH000001,07/04/2015,Consignment,220,BW000000
84461,177660,L000000,FTH000001,08/04/2015,Consignment,299,BW000000
93741,930620,L000000,FTH000001,16/04/2015,Consignment,30,BW000000
94641,957016,L000000,FTH000001,15/04/2015,Consignment,345,BW000000
102799,225378,L000000,FTH000001,22/04/2015,Consignment,253,BW000000
112889,835869,L000000,FTH000001,29/04/2015,Consignment,460,BW000000
118216,372046,L000000,FTH000001,30/04/2015,Consignment,400,BW000000
78901,186912,L000000,TY000001,03/04/2015,Consignment,300,BW000000
91706,404455,L000000,TY000001,15/04/2015,Consignment,460,BW000000
100646,871573,L000000,TY000001,19/04/2015,Consignment,53,BW000000
89789,474491,L000000,FST000001,14/04/2015,Consignment,68,BW000000
89809,896217,L000000,FST000001,14/04/2015,Consignment,311,BW000000
95499,270311,L000000,FST000001,16/04/2015,Consignment,210,BW000000
109252,646184,L000000,FST000001,24/04/2015,Consignment,75,BW000000
109264,867747,L000000,FST000001,26/04/2015,Consignment,75,BW000000
113961,233323,L000000,FST000001,28/04/2015,Consignment,126,BW000000
98570,128416,L000000,K2000001,20/04/2015,Consignment,75,BW000000
81633,89589,L000000,K1000001,07/04/2015,Consignment,60,BW000000
84505,942017,L000000,N0000001,09/04/2015,Consignment,126,BW000000
114285,437774,L000000,N0000001,28/04/2015,Consignment,23,BW000000
81625,89589,L000000,N0000001,06/04/2015,Consignment,60,CL0000000
81943,395054,L000000,N0000001,05/04/2015,Consignment,126,CL0000000
83980,253004,L000000,N0000001,07/04/2015,Consignment,30,CL0000000
84096,142230,L000000,N0000001,07/04/2015,Consignment,2,CL0000000
91187,500281,L000000,N0000001,13/04/2015,Consignment,12,CL0000000
98506,55825,L000000,N0000001,19/04/2015,Consignment,45,CL0000000
112935,42297,L000000,N0000001,27/04/2015,Consignment,30,CL0000000
117331,835530,L000000,N0000001,30/04/2015,Consignment,75,CL0000000
96743,234752,L000000,K2000001,18/04/2015,Consignment,45,CL0000000
103083,973976,L000000,K2000001,20/04/2015,Consignment,53,CL0000000
103994,854941,L000000,K2000001,20/04/2015,Consignment,38,CL0000000
109290,473710,L000000,K2000001,24/04/2015,Consignment,53,CL0000000
111179,224055,L000000,K2000001,27/04/2015,Consignment,53,CL0000000
114731,923920,L000000,K2000001,29/04/2015,Consignment,23,CL0000000
81777,983989,L000000,K1000001,05/04/2015,Consignment,75,CL0000000
94687,393574,L000000,K1000001,15/04/2015,Consignment,253,CL0000000
97209,472917,L000000,K1000001,17/04/2015,Consignment,75,CL0000000
97209,472917,L000000,K1000001,16/04/2015,Consignment,75,CL0000000
103453,943388,L000000,K1000001,20/04/2015,Consignment,23,CL0000000
105517,215367,L000000,K1000001,23/04/2015,Consignment,38,CL0000000
114743,697871,L000000,K1000001,28/04/2015,Consignment,75,CL0000000
115903,967698,L000000,K1000001,28/04/2015,Consignment,45,CL0000000
117895,155213,L000000,G4000001,01/05/2015,Consignment,116,BW000000
139118,865430,L000000,G4000001,20/05/2015,Consignment,32,BW000000
141377,895874,L000000,G4000001,21/05/2015,Consignment,116,BW000000
130040,553638,L000000,G5000001,12/05/2015,Consignment,38,BW000000
146611,897442,L000000,G5000001,27/05/2015,Consignment,189,BW000000
147219,751628,L000000,G5000001,26/05/2015,Consignment,126,BW000000
148400,89069,L000000,G5000001,28/05/2015,Consignment,168,BW000000
149890,895874,L000000,G5000001,29/05/2015,Consignment,68,BW000000
118334,781668,L000000,G6000001,01/05/2015,Consignment,253,BW000000
152104,272158,L000000,G6000001,29/05/2015,Consignment,35,BW000000
152164,481860,L000000,G6000001,30/05/2015,Consignment,72,BW000000
121057,464886,L000000,G2000001,06/05/2015,Consignment,38,BW000000
130436,521047,L000000,G2000001,14/05/2015,Consignment,68,BW000000
145730,121210,L000000,G2000001,24/05/2015,Consignment,110,BW000000
117505,210343,L000000,OTH,02/05/2015,Consignment,23,BW000000
141247,953516,L000000,OTH,23/05/2015,Consignment,179,BW000000
124095,526291,L000000,G3000001,07/05/2015,Consignment,38,BW000000
126383,129507,L000000,G3000001,08/05/2015,Consignment,68,BW000000
130258,716292,L000000,G3000001,12/05/2015,Consignment,75,BW000000
134990,86877,L000000,G3000001,17/05/2015,Consignment,12,BW000000
117599,434705,L000000,G1000001,02/05/2015,Consignment,60,BW000000
133476,28267,L000000,G1000001,16/05/2015,Consignment,68,BW000000
135022,982417,L000000,G1000001,17/05/2015,Consignment,68,BW000000
138535,775996,L000000,G1000001,19/05/2015,Consignment,38,BW000000
139872,508136,L000000,G1000001,21/05/2015,Consignment,30,BW000000
140098,823281,L000000,G1000001,20/05/2015,Consignment,276,BW000000
142795,801961,L000000,G1000001,21/05/2015,Consignment,45,BW000000
146289,874172,L000000,G1000001,26/05/2015,Consignment,156,BW000000
148781,432950,L000000,G1000001,26/05/2015,Consignment,189,BW000000
118507,365496,L000000,SY0000001,03/05/2015,Consignment,75,BW000000
118853,728726,L000000,SY0000001,01/05/2015,Consignment,53,BW000000
128551,840960,L000000,SY0000001,11/05/2015,Consignment,345,BW000000
135593,529371,L000000,SY0000001,19/05/2015,Consignment,75,BW000000
145350,479204,L000000,SY0000001,24/05/2015,Consignment,60,BW000000
118216,372046,L000000,FTH000001,02/05/2015,Consignment,400,BW000000
122081,303109,L000000,FTH000001,04/05/2015,Consignment,137,BW000000
133546,803794,L000000,FTH000001,14/05/2015,Consignment,53,BW000000
135595,529371,L000000,FTH000001,19/05/2015,Consignment,75,BW000000
142181,817433,L000000,FTH000001,22/05/2015,Consignment,23,BW000000
144618,285820,L000000,FTH000001,23/05/2015,Consignment,139,BW000000
144780,790967,L000000,FTH000001,23/05/2015,Consignment,45,BW000000
128105,323277,L000000,TY000001,11/05/2015,Consignment,60,BW000000
144774,790967,L000000,TY000001,23/05/2015,Consignment,45,BW000000
118705,589425,L000000,FST000001,01/05/2015,Consignment,75,BW000000
142787,801961,L000000,FST000001,22/05/2015,Consignment,38,BW000000
141829,349742,L000000,K2000001,21/05/2015,Consignment,75,BW000000
145688,501104,L000000,K2000001,25/05/2015,Consignment,68,BW000000
121305,67004,L000000,K1000001,06/05/2015,Consignment,30,BW000000
128129,766607,L000000,K1000001,12/05/2015,Consignment,45,BW000000
133930,107227,L000000,K1000001,16/05/2015,Consignment,126,BW000000
118869,728726,L000000,N0000001,01/05/2015,Consignment,30,CL0000000
118967,17072,L000000,N0000001,01/05/2015,Consignment,23,CL0000000
119898,659025,L000000,N0000001,05/05/2015,Consignment,45,CL0000000
119978,881369,L000000,N0000001,03/05/2015,Consignment,23,CL0000000
121801,239696,L000000,N0000001,05/05/2015,Consignment,23,CL0000000
122121,573680,L000000,N0000001,06/05/2015,Consignment,45,CL0000000
125322,842276,L000000,N0000001,06/05/2015,Consignment,12,CL0000000
130022,972529,L000000,N0000001,14/05/2015,Consignment,45,CL0000000
135501,502552,L000000,N0000001,19/05/2015,Consignment,6,CL0000000
138762,792886,L000000,N0000001,21/05/2015,Consignment,12,CL0000000
147833,749231,L000000,N0000001,28/05/2015,Consignment,45,CL0000000
116816,854941,L000000,K2000001,01/05/2015,Consignment,38,CL0000000
122051,704666,L000000,K2000001,05/05/2015,Consignment,45,CL0000000
127402,553287,L000000,K2000001,10/05/2015,Consignment,38,CL0000000
127444,450626,L000000,K2000001,09/05/2015,Consignment,38,CL0000000
130242,502552,L000000,K2000001,14/05/2015,Consignment,12,CL0000000
135525,934860,L000000,K2000001,18/05/2015,Consignment,60,CL0000000
135852,228819,L000000,K2000001,18/05/2015,Consignment,75,CL0000000
141683,226098,L000000,K2000001,22/05/2015,Consignment,24,CL0000000
146233,292566,L000000,K2000001,27/05/2015,Consignment,5,CL0000000
146665,968423,L000000,K2000001,27/05/2015,Consignment,75,CL0000000
148647,241166,L000000,K2000001,26/05/2015,Consignment,23,CL0000000
149782,142107,L000000,K2000001,29/05/2015,Consignment,10,CL0000000
152242,979121,L000000,K2000001,31/05/2015,Consignment,23,CL0000000
119972,881369,L000000,K1000001,04/05/2015,Consignment,23,CL0000000
121965,119451,L000000,K1000001,06/05/2015,Consignment,30,CL0000000
121965,119451,L000000,K1000001,06/05/2015,Consignment,30,CL0000000
123927,840960,L000000,K1000001,05/05/2015,Consignment,75,CL0000000
134942,762832,L000000,K1000001,17/05/2015,Consignment,147,CL0000000
140420,125964,L000000,K1000001,22/05/2015,Consignment,68,CL0000000
390346,372046,L000000,G1100001,20/05/2015,Consignment,60,CL0000000
