Customer Code,Customer Name
026291,Company - 026291
648246,Company - 648246
560261,Company - 560261
591059,Company - 591059
766950,Company - 766950
364579,Company - 364579
360677,Company - 360677
326919,Company - 326919
753991,Company - 753991
343945,Company - 343945
476886,Company - 476886
062893,Company - 062893
379822,Company - 379822
114563,Company - 114563
385579,Company - 385579
921038,Company - 921038
186107,Company - 186107
173871,Company - 173871
547243,Company - 547243
776776,Company - 776776
355969,Company - 355969
701539,Company - 701539
939538,Company - 939538
183951,Company - 183951
965011,Company - 965011
168655,Company - 168655
821248,Company - 821248
847341,Company - 847341
875975,Company - 875975
795176,Company - 795176
188965,Company - 188965
903306,Company - 903306
939263,Company - 939263
747117,Company - 747117
151976,Company - 151976
830982,Company - 830982
168721,Company - 168721
108747,Company - 108747
953516,Company - 953516
537702,Company - 537702
757155,Company - 757155
899792,Company - 899792
996147,Company - 996147
028267,Company - 028267
472788,Company - 472788
934860,Company - 934860
642859,Company - 642859
868438,Company - 868438
074486,Company - 074486
409504,Company - 409504
524212,Company - 524212
379058,Company - 379058
276845,Company - 276845
028645,Company - 028645
353051,Company - 353051
424602,Company - 424602
746934,Company - 746934
272158,Company - 272158
697871,Company - 697871
293395,Company - 293395
804772,Company - 804772
132658,Company - 132658
605496,Company - 605496
674461,Company - 674461
805891,Company - 805891
477507,Company - 477507
016838,Company - 016838
473647,Company - 473647
863345,Company - 863345
500376,Company - 500376
116794,Company - 116794
930620,Company - 930620
389613,Company - 389613
351880,Company - 351880
180217,Company - 180217
389705,Company - 389705
067004,Company - 067004
346512,Company - 346512
524939,Company - 524939
016891,Company - 016891
038418,Company - 038418
570459,Company - 570459
069835,Company - 069835
609574,Company - 609574
425888,Company - 425888
508263,Company - 508263
675984,Company - 675984
321818,Company - 321818
065203,Company - 065203
464886,Company - 464886
508136,Company - 508136
438607,Company - 438607
014387,Company - 014387
775996,Company - 775996
241166,Company - 241166
341414,Company - 341414
232950,Company - 232950
858459,Company - 858459
681839,Company - 681839
098045,Company - 098045
005899,Company - 005899
766881,Company - 766881
362558,Company - 362558
327813,Company - 327813
504504,Company - 504504
044850,Company - 044850
058710,Company - 058710
006238,Company - 006238
890557,Company - 890557
874172,Company - 874172
161101,Company - 161101
506289,Company - 506289
012700,Company - 012700
525130,Company - 525130
173863,Company - 173863
415046,Company - 415046
571376,Company - 571376
258795,Company - 258795
104642,Company - 104642
561558,Company - 561558
125334,Company - 125334
299521,Company - 299521
471301,Company - 471301
944544,Company - 944544
590445,Company - 590445
418996,Company - 418996
341256,Company - 341256
501391,Company - 501391
640715,Company - 640715
539738,Company - 539738
617721,Company - 617721
066044,Company - 066044
098970,Company - 098970
491385,Company - 491385
932163,Company - 932163
662687,Company - 662687
701065,Company - 701065
599930,Company - 599930
392485,Company - 392485
553304,Company - 553304
094005,Company - 094005
946849,Company - 946849
766607,Company - 766607
592158,Company - 592158
666089,Company - 666089
131544,Company - 131544
414739,Company - 414739
666478,Company - 666478
501104,Company - 501104
801961,Company - 801961
790967,Company - 790967
687197,Company - 687197
473321,Company - 473321
260054,Company - 260054
538691,Company - 538691
950170,Company - 950170
083976,Company - 083976
076473,Company - 076473
243759,Company - 243759
288343,Company - 288343
648308,Company - 648308
809301,Company - 809301
553955,Company - 553955
843766,Company - 843766
893943,Company - 893943
772939,Company - 772939
934334,Company - 934334
840000,Company - 840000
771339,Company - 771339
411047,Company - 411047
273832,Company - 273832
366980,Company - 366980
683705,Company - 683705
514532,Company - 514532
250977,Company - 250977
669015,Company - 669015
091953,Company - 091953
153897,Company - 153897
933643,Company - 933643
875981,Company - 875981
566080,Company - 566080
361344,Company - 361344
255542,Company - 255542
053928,Company - 053928
053027,Company - 053027
415483,Company - 415483
128416,Company - 128416
317267,Company - 317267
464016,Company - 464016
646184,Company - 646184
867747,Company - 867747
208349,Company - 208349
727327,Company - 727327
929964,Company - 929964
365496,Company - 365496
589425,Company - 589425
635188,Company - 635188
055386,Company - 055386
012143,Company - 012143
052862,Company - 052862
315565,Company - 315565
503598,Company - 503598
198283,Company - 198283
313229,Company - 313229
716292,Company - 716292
789152,Company - 789152
529371,Company - 529371
930741,Company - 930741
349742,Company - 349742
482417,Company - 482417
746397,Company - 746397
304272,Company - 304272
942489,Company - 942489
039094,Company - 039094
806050,Company - 806050
311680,Company - 311680
323277,Company - 323277
037489,Company - 037489
376726,Company - 376726
315701,Company - 315701
458135,Company - 458135
481476,Company - 481476
102449,Company - 102449
803568,Company - 803568
089589,Company - 089589
520048,Company - 520048
620354,Company - 620354
074041,Company - 074041
369265,Company - 369265
857397,Company - 857397
139231,Company - 139231
575301,Company - 575301
108390,Company - 108390
513323,Company - 513323
135103,Company - 135103
731760,Company - 731760
350360,Company - 350360
123916,Company - 123916
385674,Company - 385674
624356,Company - 624356
825843,Company - 825843
130666,Company - 130666
745807,Company - 745807
186912,Company - 186912
476194,Company - 476194
312580,Company - 312580
589266,Company - 589266
882835,Company - 882835
586871,Company - 586871
272682,Company - 272682
419499,Company - 419499
531044,Company - 531044
554727,Company - 554727
801661,Company - 801661
525470,Company - 525470
674672,Company - 674672
985052,Company - 985052
838108,Company - 838108
253004,Company - 253004
204145,Company - 204145
177660,Company - 177660
703841,Company - 703841
942017,Company - 942017
422363,Company - 422363
200414,Company - 200414
433119,Company - 433119
774187,Company - 774187
873391,Company - 873391
929758,Company - 929758
667374,Company - 667374
926850,Company - 926850
790513,Company - 790513
665806,Company - 665806
108194,Company - 108194
183670,Company - 183670
629382,Company - 629382
640175,Company - 640175
100291,Company - 100291
474491,Company - 474491
896217,Company - 896217
306817,Company - 306817
404455,Company - 404455
315983,Company - 315983
172170,Company - 172170
267747,Company - 267747
827209,Company - 827209
714727,Company - 714727
957016,Company - 957016
501418,Company - 501418
270311,Company - 270311
596674,Company - 596674
288339,Company - 288339
730312,Company - 730312
776252,Company - 776252
283151,Company - 283151
257451,Company - 257451
197010,Company - 197010
958670,Company - 958670
108320,Company - 108320
091994,Company - 091994
754925,Company - 754925
871573,Company - 871573
850339,Company - 850339
880243,Company - 880243
817360,Company - 817360
225378,Company - 225378
927756,Company - 927756
619966,Company - 619966
658831,Company - 658831
285680,Company - 285680
102083,Company - 102083
995591,Company - 995591
684979,Company - 684979
808706,Company - 808706
361378,Company - 361378
275286,Company - 275286
094625,Company - 094625
231565,Company - 231565
504748,Company - 504748
486369,Company - 486369
436708,Company - 436708
586446,Company - 586446
222028,Company - 222028
094831,Company - 094831
826024,Company - 826024
254400,Company - 254400
259298,Company - 259298
503494,Company - 503494
098184,Company - 098184
694193,Company - 694193
635395,Company - 635395
430546,Company - 430546
303759,Company - 303759
593823,Company - 593823
835869,Company - 835869
653337,Company - 653337
757735,Company - 757735
276264,Company - 276264
555481,Company - 555481
497965,Company - 497965
534716,Company - 534716
432403,Company - 432403
233323,Company - 233323
897442,Company - 897442
619563,Company - 619563
437774,Company - 437774
897678,Company - 897678
877681,Company - 877681
591593,Company - 591593
872510,Company - 872510
630372,Company - 630372
223183,Company - 223183
262577,Company - 262577
909518,Company - 909518
008067,Company - 008067
210343,Company - 210343
434705,Company - 434705
899194,Company - 899194
155213,Company - 155213
372046,Company - 372046
781668,Company - 781668
728726,Company - 728726
716387,Company - 716387
151310,Company - 151310
427313,Company - 427313
423475,Company - 423475
615521,Company - 615521
722459,Company - 722459
303109,Company - 303109
726004,Company - 726004
185908,Company - 185908
364621,Company - 364621
254305,Company - 254305
481654,Company - 481654
526291,Company - 526291
715820,Company - 715820
814663,Company - 814663
394648,Company - 394648
668134,Company - 668134
825162,Company - 825162
789681,Company - 789681
915597,Company - 915597
638449,Company - 638449
129507,Company - 129507
743047,Company - 743047
251925,Company - 251925
810101,Company - 810101
378172,Company - 378172
431581,Company - 431581
316018,Company - 316018
250410,Company - 250410
954881,Company - 954881
410547,Company - 410547
840960,Company - 840960
876056,Company - 876056
275030,Company - 275030
846713,Company - 846713
797030,Company - 797030
235881,Company - 235881
553638,Company - 553638
521047,Company - 521047
504724,Company - 504724
284713,Company - 284713
979061,Company - 979061
743982,Company - 743982
381630,Company - 381630
149897,Company - 149897
275224,Company - 275224
788462,Company - 788462
803794,Company - 803794
293526,Company - 293526
209082,Company - 209082
107227,Company - 107227
637248,Company - 637248
705065,Company - 705065
232269,Company - 232269
154929,Company - 154929
480855,Company - 480855
086877,Company - 086877
982417,Company - 982417
431324,Company - 431324
757199,Company - 757199
638160,Company - 638160
096227,Company - 096227
875491,Company - 875491
147635,Company - 147635
263224,Company - 263224
121012,Company - 121012
362376,Company - 362376
530549,Company - 530549
927775,Company - 927775
722067,Company - 722067
865430,Company - 865430
823281,Company - 823281
895874,Company - 895874
363687,Company - 363687
844687,Company - 844687
817433,Company - 817433
392529,Company - 392529
358321,Company - 358321
183571,Company - 183571
285820,Company - 285820
060455,Company - 060455
929765,Company - 929765
509381,Company - 509381
479204,Company - 479204
529837,Company - 529837
121210,Company - 121210
930912,Company - 930912
881369,Company - 881369
751628,Company - 751628
871602,Company - 871602
089069,Company - 089069
781929,Company - 781929
432950,Company - 432950
156924,Company - 156924
848665,Company - 848665
330313,Company - 330313
142873,Company - 142873
523776,Company - 523776
988222,Company - 988222
890124,Company - 890124
799133,Company - 799133
904364,Company - 904364
074990,Company - 074990
481860,Company - 481860
648180,Company - 648180
082822,Company - 082822
527866,Company - 527866
571228,Company - 571228
979843,Company - 979843
445770,Company - 445770
680166,Company - 680166
428144,Company - 428144
491103,Company - 491103
393574,Company - 393574
589427,Company - 589427
317481,Company - 317481
522094,Company - 522094
079609,Company - 079609
605595,Company - 605595
466684,Company - 466684
558264,Company - 558264
809603,Company - 809603
940572,Company - 940572
320970,Company - 320970
165609,Company - 165609
088629,Company - 088629
602973,Company - 602973
418574,Company - 418574
512455,Company - 512455
802549,Company - 802549
505919,Company - 505919
080752,Company - 080752
748102,Company - 748102
859088,Company - 859088
820955,Company - 820955
615820,Company - 615820
668820,Company - 668820
330539,Company - 330539
947876,Company - 947876
820441,Company - 820441
326180,Company - 326180
558000,Company - 558000
893530,Company - 893530
499562,Company - 499562
397206,Company - 397206
430872,Company - 430872
799088,Company - 799088
732723,Company - 732723
723694,Company - 723694
188592,Company - 188592
380698,Company - 380698
655819,Company - 655819
614737,Company - 614737
741483,Company - 741483
741760,Company - 741760
501345,Company - 501345
158438,Company - 158438
642084,Company - 642084
070893,Company - 070893
739810,Company - 739810
395418,Company - 395418
814441,Company - 814441
270483,Company - 270483
642778,Company - 642778
518312,Company - 518312
191709,Company - 191709
449275,Company - 449275
085530,Company - 085530
365701,Company - 365701
973357,Company - 973357
266458,Company - 266458
371463,Company - 371463
211459,Company - 211459
491948,Company - 491948
961892,Company - 961892
768230,Company - 768230
439069,Company - 439069
775305,Company - 775305
369063,Company - 369063
334484,Company - 334484
448947,Company - 448947
539575,Company - 539575
563867,Company - 563867
392694,Company - 392694
597759,Company - 597759
215176,Company - 215176
395700,Company - 395700
608238,Company - 608238
875646,Company - 875646
601887,Company - 601887
890040,Company - 890040
837342,Company - 837342
815080,Company - 815080
916123,Company - 916123
035452,Company - 035452
112054,Company - 112054
217503,Company - 217503
902785,Company - 902785
429665,Company - 429665
234763,Company - 234763
302342,Company - 302342
013888,Company - 013888
975458,Company - 975458
512052,Company - 512052
285179,Company - 285179
130406,Company - 130406
066495,Company - 066495
497093,Company - 497093
246965,Company - 246965
326954,Company - 326954
069381,Company - 069381
058870,Company - 058870
297354,Company - 297354
483395,Company - 483395
399297,Company - 399297
089560,Company - 089560
005853,Company - 005853
343761,Company - 343761
960526,Company - 960526
513679,Company - 513679
112627,Company - 112627
016635,Company - 016635
369619,Company - 369619
146895,Company - 146895
500809,Company - 500809
952975,Company - 952975
708079,Company - 708079
569105,Company - 569105
377649,Company - 377649
140604,Company - 140604
686784,Company - 686784
454486,Company - 454486
518534,Company - 518534
660896,Company - 660896
481708,Company - 481708
193126,Company - 193126
576244,Company - 576244
632404,Company - 632404
356064,Company - 356064
479365,Company - 479365
201559,Company - 201559
891888,Company - 891888
914222,Company - 914222
748005,Company - 748005
181092,Company - 181092
480342,Company - 480342
973976,Company - 973976
617151,Company - 617151
199744,Company - 199744
420692,Company - 420692
254289,Company - 254289
567280,Company - 567280
846541,Company - 846541
479824,Company - 479824
801028,Company - 801028
455387,Company - 455387
549228,Company - 549228
977506,Company - 977506
163196,Company - 163196
220894,Company - 220894
861242,Company - 861242
233270,Company - 233270
047158,Company - 047158
206629,Company - 206629
951622,Company - 951622
976929,Company - 976929
977610,Company - 977610
842276,Company - 842276
201717,Company - 201717
501454,Company - 501454
001233,Company - 001233
560478,Company - 560478
950963,Company - 950963
787628,Company - 787628
961784,Company - 961784
887464,Company - 887464
752968,Company - 752968
490115,Company - 490115
234752,Company - 234752
246728,Company - 246728
105708,Company - 105708
896680,Company - 896680
410241,Company - 410241
825554,Company - 825554
050795,Company - 050795
403920,Company - 403920
695799,Company - 695799
807808,Company - 807808
407375,Company - 407375
800110,Company - 800110
224055,Company - 224055
953887,Company - 953887
520095,Company - 520095
625435,Company - 625435
922881,Company - 922881
931324,Company - 931324
283865,Company - 283865
419114,Company - 419114
904749,Company - 904749
583138,Company - 583138
007662,Company - 007662
337913,Company - 337913
435338,Company - 435338
640034,Company - 640034
710061,Company - 710061
002563,Company - 002563
160469,Company - 160469
860688,Company - 860688
503189,Company - 503189
538630,Company - 538630
925147,Company - 925147
755456,Company - 755456
006092,Company - 006092
839829,Company - 839829
126388,Company - 126388
005287,Company - 005287
901701,Company - 901701
939964,Company - 939964
061672,Company - 061672
399574,Company - 399574
978140,Company - 978140
658025,Company - 658025
839650,Company - 839650
383495,Company - 383495
154652,Company - 154652
698560,Company - 698560
512463,Company - 512463
365590,Company - 365590
911001,Company - 911001
036883,Company - 036883
346690,Company - 346690
049568,Company - 049568
871451,Company - 871451
057919,Company - 057919
181178,Company - 181178
249979,Company - 249979
043631,Company - 043631
062687,Company - 062687
127913,Company - 127913
111066,Company - 111066
784668,Company - 784668
309391,Company - 309391
377899,Company - 377899
121264,Company - 121264
691311,Company - 691311
165427,Company - 165427
776974,Company - 776974
593792,Company - 593792
517493,Company - 517493
382432,Company - 382432
942713,Company - 942713
001985,Company - 001985
298165,Company - 298165
507061,Company - 507061
154292,Company - 154292
345634,Company - 345634
100790,Company - 100790
075420,Company - 075420
621454,Company - 621454
770603,Company - 770603
418235,Company - 418235
522466,Company - 522466
806318,Company - 806318
076740,Company - 076740
430486,Company - 430486
818161,Company - 818161
461709,Company - 461709
504391,Company - 504391
109253,Company - 109253
910721,Company - 910721
592325,Company - 592325
017072,Company - 017072
129416,Company - 129416
399833,Company - 399833
149940,Company - 149940
615219,Company - 615219
030498,Company - 030498
387021,Company - 387021
908807,Company - 908807
972694,Company - 972694
802422,Company - 802422
792886,Company - 792886
398928,Company - 398928
182399,Company - 182399
610806,Company - 610806
079472,Company - 079472
904646,Company - 904646
543567,Company - 543567
002111,Company - 002111
780433,Company - 780433
991744,Company - 991744
440543,Company - 440543
540977,Company - 540977
217381,Company - 217381
446232,Company - 446232
100490,Company - 100490
539908,Company - 539908
946783,Company - 946783
040058,Company - 040058
234765,Company - 234765
080780,Company - 080780
750312,Company - 750312
964276,Company - 964276
169226,Company - 169226
309190,Company - 309190
122329,Company - 122329
204815,Company - 204815
627950,Company - 627950
320107,Company - 320107
498514,Company - 498514
251596,Company - 251596
844178,Company - 844178
027550,Company - 027550
363843,Company - 363843
496156,Company - 496156
846246,Company - 846246
810381,Company - 810381
875289,Company - 875289
239298,Company - 239298
150095,Company - 150095
211365,Company - 211365
573680,Company - 573680
356849,Company - 356849
429759,Company - 429759
594499,Company - 594499
928640,Company - 928640
413606,Company - 413606
167814,Company - 167814
310558,Company - 310558
760154,Company - 760154
570576,Company - 570576
806831,Company - 806831
042297,Company - 042297
007168,Company - 007168
377670,Company - 377670
569576,Company - 569576
452060,Company - 452060
248968,Company - 248968
316030,Company - 316030
512851,Company - 512851
974610,Company - 974610
620032,Company - 620032
758235,Company - 758235
339296,Company - 339296
951035,Company - 951035
592572,Company - 592572
611102,Company - 611102
497559,Company - 497559
633127,Company - 633127
985419,Company - 985419
116879,Company - 116879
972494,Company - 972494
450270,Company - 450270
446571,Company - 446571
172615,Company - 172615
913095,Company - 913095
765085,Company - 765085
730375,Company - 730375
673299,Company - 673299
983989,Company - 983989
423028,Company - 423028
928005,Company - 928005
207960,Company - 207960
571522,Company - 571522
091817,Company - 091817
564982,Company - 564982
392406,Company - 392406
784292,Company - 784292
815286,Company - 815286
103067,Company - 103067
971356,Company - 971356
755037,Company - 755037
933314,Company - 933314
151096,Company - 151096
212509,Company - 212509
096042,Company - 096042
152464,Company - 152464
395054,Company - 395054
258876,Company - 258876
540312,Company - 540312
496094,Company - 496094
126320,Company - 126320
690226,Company - 690226
509408,Company - 509408
583424,Company - 583424
699089,Company - 699089
087737,Company - 087737
654661,Company - 654661
915470,Company - 915470
712769,Company - 712769
523488,Company - 523488
809945,Company - 809945
325069,Company - 325069
575587,Company - 575587
762215,Company - 762215
395426,Company - 395426
580864,Company - 580864
538472,Company - 538472
809075,Company - 809075
536381,Company - 536381
769338,Company - 769338
021453,Company - 021453
979121,Company - 979121
400874,Company - 400874
002561,Company - 002561
541571,Company - 541571
964638,Company - 964638
500281,Company - 500281
825201,Company - 825201
749231,Company - 749231
276079,Company - 276079
280173,Company - 280173
690952,Company - 690952
926283,Company - 926283
633709,Company - 633709
116195,Company - 116195
790797,Company - 790797
220733,Company - 220733
257077,Company - 257077
636934,Company - 636934
788531,Company - 788531
130050,Company - 130050
698792,Company - 698792
298579,Company - 298579
617924,Company - 617924
262456,Company - 262456
624509,Company - 624509
490224,Company - 490224
754556,Company - 754556
636809,Company - 636809
433251,Company - 433251
770398,Company - 770398
089553,Company - 089553
895562,Company - 895562
657102,Company - 657102
142230,Company - 142230
055825,Company - 055825
835530,Company - 835530
659025,Company - 659025
239696,Company - 239696
972529,Company - 972529
924547,Company - 924547
732583,Company - 732583
894357,Company - 894357
502552,Company - 502552
345743,Company - 345743
356424,Company - 356424
056342,Company - 056342
092863,Company - 092863
667872,Company - 667872
209384,Company - 209384
473689,Company - 473689
457473,Company - 457473
907689,Company - 907689
638736,Company - 638736
674451,Company - 674451
980926,Company - 980926
019296,Company - 019296
180310,Company - 180310
620534,Company - 620534
371844,Company - 371844
754157,Company - 754157
682045,Company - 682045
430164,Company - 430164
995462,Company - 995462
279094,Company - 279094
634000,Company - 634000
419396,Company - 419396
538229,Company - 538229
251150,Company - 251150
621305,Company - 621305
025236,Company - 025236
089547,Company - 089547
854941,Company - 854941
472917,Company - 472917
501081,Company - 501081
473710,Company - 473710
923920,Company - 923920
704666,Company - 704666
977594,Company - 977594
553287,Company - 553287
450626,Company - 450626
228819,Company - 228819
226098,Company - 226098
292566,Company - 292566
968423,Company - 968423
702918,Company - 702918
142107,Company - 142107
175780,Company - 175780
441190,Company - 441190
629929,Company - 629929
680566,Company - 680566
516585,Company - 516585
717399,Company - 717399
632813,Company - 632813
224568,Company - 224568
482721,Company - 482721
983758,Company - 983758
450658,Company - 450658
384477,Company - 384477
375029,Company - 375029
853260,Company - 853260
022660,Company - 022660
994790,Company - 994790
523118,Company - 523118
808188,Company - 808188
565941,Company - 565941
847718,Company - 847718
744911,Company - 744911
061549,Company - 061549
313833,Company - 313833
076246,Company - 076246
381736,Company - 381736
142226,Company - 142226
215367,Company - 215367
335332,Company - 335332
044647,Company - 044647
221951,Company - 221951
470643,Company - 470643
643488,Company - 643488
943388,Company - 943388
967698,Company - 967698
119451,Company - 119451
945178,Company - 945178
762832,Company - 762832
125964,Company - 125964
618366,Company - 618366
838043,Company - 838043
101281,Company - 101281
885729,Company - 885729
108668,Company - 108668
688997,Company - 688997
591231,Company - 591231
220477,Company - 220477
932215,Company - 932215
725712,Company - 725712
838996,Company - 838996
742644,Company - 742644
378091,Company - 378091
845214,Company - 845214
076509,Company - 076509
861514,Company - 861514
057067,Company - 057067
075474,Company - 075474
789507,Company - 789507
298910,Company - 298910
679042,Company - 679042
972316,Company - 972316
058508,Company - 058508
316643,Company - 316643
469221,Company - 469221
123087,Company - 123087
